order_id,customer_id,order_date,product_name,category,unit_price,cost,quantity
1,195,2024-01-05,Producto_6,Bebidas,25.77,14.98,3
2,23,2024-12-24,Producto_9,Tecnología,44.85,21.88,5
2,23,2024-12-24,Producto_2,Hogar,28.26,18.81,5
2,23,2024-12-24,Producto_7,Tecnología,62.19,35.65,3
2,23,2024-12-24,Producto_14,Snacks,95.94,39.69,1
3,117,2024-12-10,Producto_2,Hogar,28.26,14.53,1
3,117,2024-12-10,Producto_14,Snacks,95.94,56.67,4
3,117,2024-12-10,Producto_4,Tecnología,13.26,5.95,3
4,182,2024-09-01,Producto_11,Bebidas,77.09,44.92,1
4,182,2024-09-01,Producto_5,Limpieza,8.02,4.49,2
5,126,2024-03-11,Producto_8,Tecnología,23.89,16.65,3
5,126,2024-03-11,Producto_7,Tecnología,62.19,28.97,5
6,167,2024-05-15,Producto_4,Tecnología,13.26,8.51,1
7,206,2024-11-26,Producto_2,Hogar,28.26,13.11,3
7,206,2024-11-26,Producto_4,Tecnología,13.26,6.88,4
7,206,2024-11-26,Producto_10,Limpieza,60.98,27.01,4
8,72,2024-11-22,Producto_12,Snacks,71.32,34.15,5
8,72,2024-11-22,Producto_9,Tecnología,44.85,23.7,5
9,299,2024-05-23,Producto_6,Bebidas,25.77,11.01,4
9,299,2024-05-23,Producto_4,Tecnología,13.26,8.73,1
9,299,2024-05-23,Producto_3,Snacks,74.96,44.09,2
9,299,2024-05-23,Producto_9,Tecnología,44.85,25.96,4
10,198,2024-10-06,Producto_10,Limpieza,60.98,40.14,5
10,198,2024-10-06,Producto_8,Tecnología,23.89,14.43,1
10,198,2024-10-06,Producto_9,Tecnología,44.85,27.11,1
10,198,2024-10-06,Producto_5,Limpieza,8.02,5.01,5
11,175,2024-11-04,Producto_5,Limpieza,8.02,3.59,4
12,2,2024-03-26,Producto_9,Tecnología,44.85,30.22,5
12,2,2024-03-26,Producto_13,Hogar,31.4,20.49,3
12,2,2024-03-26,Producto_3,Snacks,74.96,43.68,5
13,79,2024-06-01,Producto_13,Hogar,31.4,21.21,5
13,79,2024-06-01,Producto_3,Snacks,74.96,37.27,5
13,79,2024-06-01,Producto_9,Tecnología,44.85,19.45,1
14,186,2024-05-19,Producto_4,Tecnología,13.26,9.07,5
14,186,2024-05-19,Producto_1,Bebidas,7.38,4.57,1
14,186,2024-05-19,Producto_15,Hogar,14.71,10.2,1
15,273,2024-09-13,Producto_3,Snacks,74.96,51.28,4
15,273,2024-09-13,Producto_11,Bebidas,77.09,36.97,2
16,217,2024-05-01,Producto_15,Hogar,14.71,9.03,2
16,217,2024-05-01,Producto_9,Tecnología,44.85,31.33,4
17,192,2024-09-15,Producto_15,Hogar,14.71,6.88,2
17,192,2024-09-15,Producto_9,Tecnología,44.85,18.22,3
17,192,2024-09-15,Producto_8,Tecnología,23.89,11.21,5
17,192,2024-09-15,Producto_2,Hogar,28.26,11.36,2
18,31,2024-12-13,Producto_2,Hogar,28.26,11.9,3
18,31,2024-12-13,Producto_1,Bebidas,7.38,3.57,2
19,249,2024-11-09,Producto_9,Tecnología,44.85,25.69,5
19,249,2024-11-09,Producto_3,Snacks,74.96,47.63,2
20,209,2024-03-06,Producto_2,Hogar,28.26,14.31,4
20,209,2024-03-06,Producto_15,Hogar,14.71,7.94,4
21,28,2024-09-24,Producto_1,Bebidas,7.38,4.56,4
22,56,2024-04-07,Producto_4,Tecnología,13.26,7.09,5
22,56,2024-04-07,Producto_15,Hogar,14.71,6.69,4
23,237,2024-08-23,Producto_14,Snacks,95.94,61.63,4
23,237,2024-08-23,Producto_2,Hogar,28.26,12.13,5
24,277,2024-05-28,Producto_2,Hogar,28.26,12.71,2
25,249,2024-06-20,Producto_4,Tecnología,13.26,6.81,2
25,249,2024-06-20,Producto_14,Snacks,95.94,46.01,4
25,249,2024-06-20,Producto_7,Tecnología,62.19,30.2,4
25,249,2024-06-20,Producto_1,Bebidas,7.38,4.42,5
26,250,2024-01-08,Producto_4,Tecnología,13.26,9.16,2
26,250,2024-01-08,Producto_5,Limpieza,8.02,4.98,5
27,32,2024-12-13,Producto_1,Bebidas,7.38,4.07,4
27,32,2024-12-13,Producto_15,Hogar,14.71,6.58,5
27,32,2024-12-13,Producto_10,Limpieza,60.98,25.86,5
28,96,2024-07-17,Producto_10,Limpieza,60.98,36.74,1
29,121,2024-06-14,Producto_2,Hogar,28.26,11.64,5
29,121,2024-06-14,Producto_10,Limpieza,60.98,32.06,1
29,121,2024-06-14,Producto_4,Tecnología,13.26,7.55,5
29,121,2024-06-14,Producto_14,Snacks,95.94,65.28,3
30,105,2024-12-16,Producto_4,Tecnología,13.26,7.98,2
30,105,2024-12-16,Producto_5,Limpieza,8.02,4.31,3
30,105,2024-12-16,Producto_7,Tecnología,62.19,25.05,1
31,289,2024-04-28,Producto_2,Hogar,28.26,13.11,5
32,136,2024-11-08,Producto_15,Hogar,14.71,9.76,1
32,136,2024-11-08,Producto_6,Bebidas,25.77,12.51,3
33,225,2024-04-19,Producto_10,Limpieza,60.98,24.54,5
33,225,2024-04-19,Producto_13,Hogar,31.4,15.38,5
33,225,2024-04-19,Producto_11,Bebidas,77.09,52.55,1
34,69,2024-08-05,Producto_2,Hogar,28.26,12.62,5
34,69,2024-08-05,Producto_15,Hogar,14.71,8.55,3
34,69,2024-08-05,Producto_12,Snacks,71.32,32.88,3
35,136,2024-03-28,Producto_5,Limpieza,8.02,5.2,4
35,136,2024-03-28,Producto_14,Snacks,95.94,38.48,1
35,136,2024-03-28,Producto_1,Bebidas,7.38,4.36,2
35,136,2024-03-28,Producto_2,Hogar,28.26,12.67,3
36,227,2024-10-23,Producto_9,Tecnología,44.85,25.28,2
36,227,2024-10-23,Producto_1,Bebidas,7.38,4.24,3
36,227,2024-10-23,Producto_2,Hogar,28.26,14.95,2
36,227,2024-10-23,Producto_13,Hogar,31.4,15.46,1
37,21,2024-08-28,Producto_4,Tecnología,13.26,6.71,1
37,21,2024-08-28,Producto_11,Bebidas,77.09,51.28,5
37,21,2024-08-28,Producto_15,Hogar,14.71,10.18,4
38,80,2024-12-20,Producto_14,Snacks,95.94,63.74,2
38,80,2024-12-20,Producto_3,Snacks,74.96,34.02,1
39,171,2024-09-20,Producto_13,Hogar,31.4,14.06,3
39,171,2024-09-20,Producto_11,Bebidas,77.09,39.68,1
39,171,2024-09-20,Producto_12,Snacks,71.32,46.9,1
39,171,2024-09-20,Producto_4,Tecnología,13.26,6.1,2
40,236,2024-11-14,Producto_5,Limpieza,8.02,3.74,2
40,236,2024-11-14,Producto_14,Snacks,95.94,49.84,2
40,236,2024-11-14,Producto_13,Hogar,31.4,20.7,3
41,143,2024-11-30,Producto_11,Bebidas,77.09,38.49,5
41,143,2024-11-30,Producto_9,Tecnología,44.85,19.49,1
41,143,2024-11-30,Producto_7,Tecnología,62.19,28.21,3
42,136,2024-09-09,Producto_2,Hogar,28.26,14.99,5
43,161,2024-07-14,Producto_10,Limpieza,60.98,27.87,5
43,161,2024-07-14,Producto_9,Tecnología,44.85,27.48,1
43,161,2024-07-14,Producto_2,Hogar,28.26,15.71,1
43,161,2024-07-14,Producto_7,Tecnología,62.19,37.69,5
44,101,2024-12-28,Producto_7,Tecnología,62.19,36.5,3
44,101,2024-12-28,Producto_2,Hogar,28.26,17.41,1
44,101,2024-12-28,Producto_11,Bebidas,77.09,42.56,3
45,210,2024-03-14,Producto_7,Tecnología,62.19,27.25,5
45,210,2024-03-14,Producto_12,Snacks,71.32,42.75,4
45,210,2024-03-14,Producto_5,Limpieza,8.02,4.84,4
46,90,2024-02-23,Producto_7,Tecnología,62.19,30.23,3
46,90,2024-02-23,Producto_9,Tecnología,44.85,28.51,4
46,90,2024-02-23,Producto_1,Bebidas,7.38,4.4,5
47,239,2024-04-19,Producto_8,Tecnología,23.89,15.24,4
47,239,2024-04-19,Producto_11,Bebidas,77.09,46.07,2
47,239,2024-04-19,Producto_4,Tecnología,13.26,7.35,3
47,239,2024-04-19,Producto_9,Tecnología,44.85,22.45,5
48,121,2024-03-14,Producto_4,Tecnología,13.26,5.4,2
48,121,2024-03-14,Producto_13,Hogar,31.4,21.83,2
48,121,2024-03-14,Producto_15,Hogar,14.71,9.63,5
49,38,2024-03-17,Producto_7,Tecnología,62.19,34.1,4
49,38,2024-03-17,Producto_11,Bebidas,77.09,34.25,2
49,38,2024-03-17,Producto_10,Limpieza,60.98,40.72,1
49,38,2024-03-17,Producto_4,Tecnología,13.26,8.4,1
50,113,2024-08-04,Producto_13,Hogar,31.4,16.94,5
50,113,2024-08-04,Producto_12,Snacks,71.32,33.86,5
51,63,2024-08-31,Producto_3,Snacks,74.96,52.2,5
51,63,2024-08-31,Producto_13,Hogar,31.4,15.55,5
51,63,2024-08-31,Producto_8,Tecnología,23.89,13.95,4
51,63,2024-08-31,Producto_11,Bebidas,77.09,40.71,5
52,281,2024-01-26,Producto_15,Hogar,14.71,7.03,4
52,281,2024-01-26,Producto_3,Snacks,74.96,48.87,2
52,281,2024-01-26,Producto_12,Snacks,71.32,44.91,3
52,281,2024-01-26,Producto_8,Tecnología,23.89,13.03,5
53,123,2024-09-11,Producto_8,Tecnología,23.89,11.24,3
53,123,2024-09-11,Producto_2,Hogar,28.26,14.01,3
53,123,2024-09-11,Producto_12,Snacks,71.32,30.25,5
54,78,2024-07-18,Producto_7,Tecnología,62.19,38.06,2
54,78,2024-07-18,Producto_12,Snacks,71.32,37.4,1
55,170,2024-08-15,Producto_7,Tecnología,62.19,41.76,4
55,170,2024-08-15,Producto_1,Bebidas,7.38,5.05,5
55,170,2024-08-15,Producto_4,Tecnología,13.26,8.71,1
55,170,2024-08-15,Producto_15,Hogar,14.71,7.56,5
56,4,2024-03-26,Producto_5,Limpieza,8.02,4.5,4
56,4,2024-03-26,Producto_13,Hogar,31.4,20.09,5
56,4,2024-03-26,Producto_7,Tecnología,62.19,33.98,2
57,140,2024-03-12,Producto_8,Tecnología,23.89,14.75,4
57,140,2024-03-12,Producto_1,Bebidas,7.38,4.99,4
57,140,2024-03-12,Producto_7,Tecnología,62.19,34.84,5
57,140,2024-03-12,Producto_6,Bebidas,25.77,14.88,4
58,14,2024-04-17,Producto_11,Bebidas,77.09,33.97,4
59,237,2024-01-07,Producto_1,Bebidas,7.38,3.68,4
59,237,2024-01-07,Producto_5,Limpieza,8.02,3.99,4
60,195,2024-03-12,Producto_13,Hogar,31.4,20.42,3
60,195,2024-03-12,Producto_14,Snacks,95.94,38.93,4
60,195,2024-03-12,Producto_7,Tecnología,62.19,25.85,5
61,180,2024-11-14,Producto_11,Bebidas,77.09,48.28,1
61,180,2024-11-14,Producto_2,Hogar,28.26,12.99,2
62,11,2024-07-01,Producto_4,Tecnología,13.26,7.97,4
62,11,2024-07-01,Producto_3,Snacks,74.96,51.3,5
63,239,2024-08-30,Producto_13,Hogar,31.4,18.28,5
63,239,2024-08-30,Producto_6,Bebidas,25.77,16.32,1
63,239,2024-08-30,Producto_3,Snacks,74.96,51.68,2
64,56,2024-08-31,Producto_15,Hogar,14.71,8.42,3
65,193,2024-07-26,Producto_12,Snacks,71.32,30.71,2
65,193,2024-07-26,Producto_4,Tecnología,13.26,8.69,3
65,193,2024-07-26,Producto_2,Hogar,28.26,18.13,5
65,193,2024-07-26,Producto_10,Limpieza,60.98,38.71,5
66,178,2024-07-31,Producto_11,Bebidas,77.09,31.13,3
66,178,2024-07-31,Producto_6,Bebidas,25.77,16.67,4
66,178,2024-07-31,Producto_2,Hogar,28.26,14.98,1
66,178,2024-07-31,Producto_9,Tecnología,44.85,26.49,3
67,236,2024-06-12,Producto_7,Tecnología,62.19,42.89,5
67,236,2024-06-12,Producto_3,Snacks,74.96,43.83,3
68,276,2024-09-22,Producto_8,Tecnología,23.89,11.87,3
68,276,2024-09-22,Producto_7,Tecnología,62.19,40.37,2
68,276,2024-09-22,Producto_12,Snacks,71.32,34.5,1
68,276,2024-09-22,Producto_10,Limpieza,60.98,28.85,4
69,238,2024-07-20,Producto_6,Bebidas,25.77,14.08,2
69,238,2024-07-20,Producto_1,Bebidas,7.38,4.72,3
69,238,2024-07-20,Producto_8,Tecnología,23.89,11.56,3
69,238,2024-07-20,Producto_15,Hogar,14.71,8.98,5
70,142,2024-09-05,Producto_9,Tecnología,44.85,19.09,2
71,209,2024-04-14,Producto_9,Tecnología,44.85,26.63,4
71,209,2024-04-14,Producto_13,Hogar,31.4,16.78,4
71,209,2024-04-14,Producto_4,Tecnología,13.26,5.67,1
71,209,2024-04-14,Producto_12,Snacks,71.32,37.18,2
72,125,2024-02-06,Producto_11,Bebidas,77.09,43.64,4
72,125,2024-02-06,Producto_10,Limpieza,60.98,32.18,3
72,125,2024-02-06,Producto_6,Bebidas,25.77,12.87,5
73,233,2024-06-21,Producto_5,Limpieza,8.02,4.94,1
73,233,2024-06-21,Producto_15,Hogar,14.71,6.41,3
73,233,2024-06-21,Producto_4,Tecnología,13.26,9.09,5
74,95,2024-11-05,Producto_4,Tecnología,13.26,6.4,4
74,95,2024-11-05,Producto_12,Snacks,71.32,49.42,5
75,269,2024-04-09,Producto_2,Hogar,28.26,13.23,3
75,269,2024-04-09,Producto_14,Snacks,95.94,47.08,2
75,269,2024-04-09,Producto_4,Tecnología,13.26,5.81,5
76,24,2024-10-05,Producto_9,Tecnología,44.85,27.32,3
77,65,2024-04-17,Producto_2,Hogar,28.26,15.28,3
77,65,2024-04-17,Producto_14,Snacks,95.94,48.18,4
77,65,2024-04-17,Producto_1,Bebidas,7.38,3.51,1
77,65,2024-04-17,Producto_10,Limpieza,60.98,26.48,4
78,34,2024-07-10,Producto_8,Tecnología,23.89,10.64,1
78,34,2024-07-10,Producto_2,Hogar,28.26,19.35,5
78,34,2024-07-10,Producto_10,Limpieza,60.98,42.57,1
78,34,2024-07-10,Producto_11,Bebidas,77.09,43.74,1
79,214,2024-06-21,Producto_13,Hogar,31.4,16.8,4
79,214,2024-06-21,Producto_9,Tecnología,44.85,21.94,4
80,220,2024-06-22,Producto_10,Limpieza,60.98,41.96,5
80,220,2024-06-22,Producto_15,Hogar,14.71,10.07,1
80,220,2024-06-22,Producto_1,Bebidas,7.38,4.34,2
81,136,2024-09-14,Producto_3,Snacks,74.96,33.89,2
82,39,2024-12-10,Producto_1,Bebidas,7.38,4.48,4
82,39,2024-12-10,Producto_7,Tecnología,62.19,30.31,4
83,119,2024-08-28,Producto_12,Snacks,71.32,30.05,4
83,119,2024-08-28,Producto_5,Limpieza,8.02,5.43,2
83,119,2024-08-28,Producto_15,Hogar,14.71,8.8,5
84,102,2024-12-05,Producto_2,Hogar,28.26,19.01,2
84,102,2024-12-05,Producto_9,Tecnología,44.85,18.9,2
84,102,2024-12-05,Producto_4,Tecnología,13.26,8.46,2
84,102,2024-12-05,Producto_11,Bebidas,77.09,48.16,5
85,292,2024-06-15,Producto_8,Tecnología,23.89,14.57,3
85,292,2024-06-15,Producto_2,Hogar,28.26,15.55,3
85,292,2024-06-15,Producto_15,Hogar,14.71,7.82,4
86,21,2024-12-22,Producto_12,Snacks,71.32,30.48,1
86,21,2024-12-22,Producto_6,Bebidas,25.77,14.85,5
86,21,2024-12-22,Producto_10,Limpieza,60.98,42.68,1
86,21,2024-12-22,Producto_5,Limpieza,8.02,4.59,3
87,90,2024-10-12,Producto_9,Tecnología,44.85,31.35,2
87,90,2024-10-12,Producto_11,Bebidas,77.09,45.52,4
87,90,2024-10-12,Producto_8,Tecnología,23.89,16.5,4
87,90,2024-10-12,Producto_5,Limpieza,8.02,4.05,4
88,171,2024-03-15,Producto_11,Bebidas,77.09,40.36,3
88,171,2024-03-15,Producto_2,Hogar,28.26,13.75,4
88,171,2024-03-15,Producto_3,Snacks,74.96,48.28,4
89,282,2024-07-18,Producto_8,Tecnología,23.89,11.81,1
90,166,2024-08-09,Producto_13,Hogar,31.4,20.71,4
91,1,2024-05-20,Producto_7,Tecnología,62.19,36.49,3
91,1,2024-05-20,Producto_1,Bebidas,7.38,4.34,4
91,1,2024-05-20,Producto_4,Tecnología,13.26,6.11,1
91,1,2024-05-20,Producto_9,Tecnología,44.85,19.7,5
92,148,2024-12-12,Producto_15,Hogar,14.71,10.18,1
92,148,2024-12-12,Producto_12,Snacks,71.32,45.63,5
92,148,2024-12-12,Producto_8,Tecnología,23.89,11.78,2
92,148,2024-12-12,Producto_2,Hogar,28.26,15.99,1
93,48,2024-05-18,Producto_14,Snacks,95.94,65.63,4
93,48,2024-05-18,Producto_2,Hogar,28.26,15.53,2
94,150,2024-11-26,Producto_7,Tecnología,62.19,29.42,4
94,150,2024-11-26,Producto_14,Snacks,95.94,42.54,5
94,150,2024-11-26,Producto_8,Tecnología,23.89,16.16,2
95,261,2024-03-16,Producto_14,Snacks,95.94,60.62,3
95,261,2024-03-16,Producto_2,Hogar,28.26,14.19,4
96,260,2024-09-09,Producto_14,Snacks,95.94,62.48,3
96,260,2024-09-09,Producto_1,Bebidas,7.38,5.16,5
96,260,2024-09-09,Producto_5,Limpieza,8.02,5.29,4
97,229,2024-09-08,Producto_6,Bebidas,25.77,13.83,4
97,229,2024-09-08,Producto_15,Hogar,14.71,9.72,3
97,229,2024-09-08,Producto_9,Tecnología,44.85,25.63,2
97,229,2024-09-08,Producto_13,Hogar,31.4,20.62,2
98,211,2024-01-07,Producto_6,Bebidas,25.77,15.76,4
99,196,2024-08-10,Producto_11,Bebidas,77.09,53.15,4
99,196,2024-08-10,Producto_13,Hogar,31.4,17.29,2
99,196,2024-08-10,Producto_15,Hogar,14.71,7.35,5
99,196,2024-08-10,Producto_3,Snacks,74.96,49.64,1
100,226,2024-07-05,Producto_9,Tecnología,44.85,18.15,4
101,74,2024-10-30,Producto_14,Snacks,95.94,60.87,4
101,74,2024-10-30,Producto_11,Bebidas,77.09,38.67,3
101,74,2024-10-30,Producto_3,Snacks,74.96,44.6,4
101,74,2024-10-30,Producto_2,Hogar,28.26,18.53,3
102,274,2024-03-06,Producto_6,Bebidas,25.77,10.59,5
102,274,2024-03-06,Producto_11,Bebidas,77.09,36.27,1
102,274,2024-03-06,Producto_12,Snacks,71.32,49.87,3
102,274,2024-03-06,Producto_8,Tecnología,23.89,12.67,1
103,51,2024-09-29,Producto_8,Tecnología,23.89,14.53,2
104,15,2024-09-20,Producto_6,Bebidas,25.77,12.58,1
105,192,2024-11-06,Producto_3,Snacks,74.96,45.32,5
105,192,2024-11-06,Producto_4,Tecnología,13.26,5.98,2
105,192,2024-11-06,Producto_9,Tecnología,44.85,26.14,1
105,192,2024-11-06,Producto_7,Tecnología,62.19,36.44,4
106,124,2024-06-17,Producto_15,Hogar,14.71,8.7,4
106,124,2024-06-17,Producto_10,Limpieza,60.98,29.06,4
106,124,2024-06-17,Producto_3,Snacks,74.96,50.2,1
106,124,2024-06-17,Producto_4,Tecnología,13.26,8.89,4
107,280,2024-07-02,Producto_2,Hogar,28.26,19.68,3
107,280,2024-07-02,Producto_8,Tecnología,23.89,14.14,3
108,218,2024-03-21,Producto_8,Tecnología,23.89,16.72,2
108,218,2024-03-21,Producto_14,Snacks,95.94,41.45,4
108,218,2024-03-21,Producto_5,Limpieza,8.02,4.58,4
109,295,2024-02-09,Producto_12,Snacks,71.32,34.4,4
109,295,2024-02-09,Producto_5,Limpieza,8.02,5.29,5
109,295,2024-02-09,Producto_1,Bebidas,7.38,4.97,1
110,255,2024-01-05,Producto_13,Hogar,31.4,20.11,5
110,255,2024-01-05,Producto_15,Hogar,14.71,8.69,2
110,255,2024-01-05,Producto_4,Tecnología,13.26,6.3,5
111,71,2024-01-08,Producto_15,Hogar,14.71,7.25,1
112,226,2024-04-18,Producto_10,Limpieza,60.98,37.79,3
113,47,2024-01-06,Producto_6,Bebidas,25.77,11.86,2
113,47,2024-01-06,Producto_12,Snacks,71.32,47.28,5
113,47,2024-01-06,Producto_7,Tecnología,62.19,34.78,3
114,140,2024-12-18,Producto_5,Limpieza,8.02,5.54,4
114,140,2024-12-18,Producto_14,Snacks,95.94,59.86,3
115,174,2024-09-27,Producto_8,Tecnología,23.89,10.56,1
116,116,2024-01-05,Producto_14,Snacks,95.94,61.13,1
116,116,2024-01-05,Producto_13,Hogar,31.4,15.05,1
116,116,2024-01-05,Producto_9,Tecnología,44.85,24.06,1
116,116,2024-01-05,Producto_6,Bebidas,25.77,14.83,3
117,191,2024-03-23,Producto_11,Bebidas,77.09,41.74,2
118,288,2024-11-13,Producto_15,Hogar,14.71,8.69,1
118,288,2024-11-13,Producto_10,Limpieza,60.98,41.03,4
118,288,2024-11-13,Producto_4,Tecnología,13.26,7.89,3
119,60,2024-03-23,Producto_1,Bebidas,7.38,5.16,3
119,60,2024-03-23,Producto_15,Hogar,14.71,6.31,1
120,276,2024-02-26,Producto_7,Tecnología,62.19,37.39,3
120,276,2024-02-26,Producto_8,Tecnología,23.89,12.56,5
121,80,2024-12-22,Producto_11,Bebidas,77.09,52.55,4
121,80,2024-12-22,Producto_2,Hogar,28.26,11.58,3
121,80,2024-12-22,Producto_8,Tecnología,23.89,11.11,3
121,80,2024-12-22,Producto_10,Limpieza,60.98,41.78,4
122,186,2024-07-30,Producto_11,Bebidas,77.09,43.43,3
123,184,2024-05-07,Producto_7,Tecnología,62.19,28.42,3
124,63,2024-01-01,Producto_2,Hogar,28.26,19.54,5
124,63,2024-01-01,Producto_11,Bebidas,77.09,49.03,1
124,63,2024-01-01,Producto_4,Tecnología,13.26,9.24,2
124,63,2024-01-01,Producto_14,Snacks,95.94,44.28,5
125,284,2024-06-13,Producto_10,Limpieza,60.98,30.4,2
125,284,2024-06-13,Producto_4,Tecnología,13.26,8.44,2
126,2,2024-05-08,Producto_14,Snacks,95.94,45.59,5
126,2,2024-05-08,Producto_3,Snacks,74.96,32.46,2
126,2,2024-05-08,Producto_15,Hogar,14.71,6.47,1
127,184,2024-06-09,Producto_10,Limpieza,60.98,27.58,1
127,184,2024-06-09,Producto_6,Bebidas,25.77,11.29,1
128,216,2024-03-16,Producto_12,Snacks,71.32,38.72,1
129,186,2024-01-02,Producto_8,Tecnología,23.89,11.14,5
130,23,2024-07-30,Producto_8,Tecnología,23.89,16.71,1
130,23,2024-07-30,Producto_11,Bebidas,77.09,40.69,4
130,23,2024-07-30,Producto_1,Bebidas,7.38,4.04,1
131,228,2024-08-01,Producto_15,Hogar,14.71,7.31,1
132,76,2024-12-15,Producto_3,Snacks,74.96,44.02,3
133,300,2024-06-05,Producto_7,Tecnología,62.19,33.34,3
133,300,2024-06-05,Producto_10,Limpieza,60.98,32.26,5
133,300,2024-06-05,Producto_9,Tecnología,44.85,29.41,1
134,283,2024-03-03,Producto_7,Tecnología,62.19,32.6,2
134,283,2024-03-03,Producto_8,Tecnología,23.89,12.41,4
135,49,2024-06-12,Producto_7,Tecnología,62.19,31.86,3
135,49,2024-06-12,Producto_6,Bebidas,25.77,15.62,2
135,49,2024-06-12,Producto_11,Bebidas,77.09,32.39,4
136,44,2024-12-27,Producto_7,Tecnología,62.19,38.77,1
137,191,2024-10-05,Producto_9,Tecnología,44.85,30.81,5
137,191,2024-10-05,Producto_1,Bebidas,7.38,3.68,5
138,63,2024-08-05,Producto_6,Bebidas,25.77,17.79,1
138,63,2024-08-05,Producto_14,Snacks,95.94,47.37,5
138,63,2024-08-05,Producto_11,Bebidas,77.09,44.2,1
138,63,2024-08-05,Producto_7,Tecnología,62.19,27.76,2
139,247,2024-02-28,Producto_14,Snacks,95.94,62.71,3
139,247,2024-02-28,Producto_2,Hogar,28.26,12.28,3
140,143,2024-06-29,Producto_13,Hogar,31.4,21.74,5
140,143,2024-06-29,Producto_7,Tecnología,62.19,36.32,5
141,286,2024-02-19,Producto_10,Limpieza,60.98,24.92,3
142,140,2024-03-08,Producto_15,Hogar,14.71,6.68,1
142,140,2024-03-08,Producto_6,Bebidas,25.77,14.69,2
142,140,2024-03-08,Producto_14,Snacks,95.94,40.38,4
143,16,2024-03-29,Producto_12,Snacks,71.32,33.13,5
144,215,2024-09-24,Producto_6,Bebidas,25.77,16.31,3
144,215,2024-09-24,Producto_3,Snacks,74.96,43.39,5
144,215,2024-09-24,Producto_15,Hogar,14.71,6.57,1
144,215,2024-09-24,Producto_5,Limpieza,8.02,3.33,5
145,42,2024-03-13,Producto_8,Tecnología,23.89,13.91,4
145,42,2024-03-13,Producto_11,Bebidas,77.09,37.15,4
145,42,2024-03-13,Producto_7,Tecnología,62.19,27.0,5
146,221,2024-01-12,Producto_5,Limpieza,8.02,4.38,5
147,158,2024-08-04,Producto_4,Tecnología,13.26,9.22,4
148,29,2024-01-16,Producto_4,Tecnología,13.26,9.06,3
149,71,2024-05-22,Producto_5,Limpieza,8.02,4.4,1
149,71,2024-05-22,Producto_6,Bebidas,25.77,11.67,4
149,71,2024-05-22,Producto_2,Hogar,28.26,15.82,4
150,118,2024-10-26,Producto_2,Hogar,28.26,15.0,1
150,118,2024-10-26,Producto_7,Tecnología,62.19,42.06,4
150,118,2024-10-26,Producto_12,Snacks,71.32,40.85,3
151,294,2024-10-08,Producto_12,Snacks,71.32,37.19,1
151,294,2024-10-08,Producto_11,Bebidas,77.09,34.81,3
151,294,2024-10-08,Producto_7,Tecnología,62.19,33.46,5
151,294,2024-10-08,Producto_5,Limpieza,8.02,3.42,3
152,55,2024-09-30,Producto_7,Tecnología,62.19,34.65,4
152,55,2024-09-30,Producto_10,Limpieza,60.98,40.32,4
153,174,2024-12-10,Producto_6,Bebidas,25.77,10.9,2
153,174,2024-12-10,Producto_13,Hogar,31.4,17.56,1
154,100,2024-12-16,Producto_6,Bebidas,25.77,12.13,2
154,100,2024-12-16,Producto_12,Snacks,71.32,34.0,2
154,100,2024-12-16,Producto_11,Bebidas,77.09,44.77,2
155,39,2024-08-12,Producto_13,Hogar,31.4,16.93,4
155,39,2024-08-12,Producto_11,Bebidas,77.09,48.41,5
156,230,2024-12-17,Producto_14,Snacks,95.94,51.03,2
156,230,2024-12-17,Producto_11,Bebidas,77.09,41.06,4
156,230,2024-12-17,Producto_6,Bebidas,25.77,16.46,3
157,29,2024-08-09,Producto_9,Tecnología,44.85,24.02,4
157,29,2024-08-09,Producto_2,Hogar,28.26,14.43,1
157,29,2024-08-09,Producto_5,Limpieza,8.02,3.39,3
158,47,2024-08-20,Producto_8,Tecnología,23.89,12.78,1
158,47,2024-08-20,Producto_10,Limpieza,60.98,36.32,5
158,47,2024-08-20,Producto_9,Tecnología,44.85,26.08,3
158,47,2024-08-20,Producto_12,Snacks,71.32,31.76,5
159,32,2024-02-11,Producto_2,Hogar,28.26,15.58,1
159,32,2024-02-11,Producto_13,Hogar,31.4,12.93,2
159,32,2024-02-11,Producto_6,Bebidas,25.77,17.97,4
159,32,2024-02-11,Producto_12,Snacks,71.32,39.71,5
160,82,2024-04-25,Producto_6,Bebidas,25.77,16.3,4
160,82,2024-04-25,Producto_5,Limpieza,8.02,3.33,5
160,82,2024-04-25,Producto_7,Tecnología,62.19,26.11,3
161,49,2024-06-15,Producto_5,Limpieza,8.02,5.31,5
161,49,2024-06-15,Producto_15,Hogar,14.71,6.24,3
161,49,2024-06-15,Producto_12,Snacks,71.32,48.14,2
161,49,2024-06-15,Producto_11,Bebidas,77.09,53.22,3
162,201,2024-03-10,Producto_10,Limpieza,60.98,30.06,1
162,201,2024-03-10,Producto_12,Snacks,71.32,42.3,4
163,169,2024-11-22,Producto_11,Bebidas,77.09,33.0,5
163,169,2024-11-22,Producto_12,Snacks,71.32,39.41,4
164,10,2024-09-08,Producto_5,Limpieza,8.02,5.49,3
164,10,2024-09-08,Producto_3,Snacks,74.96,34.3,4
164,10,2024-09-08,Producto_4,Tecnología,13.26,5.92,2
165,152,2024-06-04,Producto_9,Tecnología,44.85,29.18,5
166,270,2024-11-02,Producto_11,Bebidas,77.09,51.1,3
167,68,2024-10-16,Producto_3,Snacks,74.96,48.18,5
167,68,2024-10-16,Producto_15,Hogar,14.71,9.07,2
167,68,2024-10-16,Producto_14,Snacks,95.94,50.2,1
167,68,2024-10-16,Producto_12,Snacks,71.32,49.27,2
168,146,2024-11-18,Producto_4,Tecnología,13.26,8.9,4
168,146,2024-11-18,Producto_9,Tecnología,44.85,22.89,2
168,146,2024-11-18,Producto_15,Hogar,14.71,10.23,5
168,146,2024-11-18,Producto_5,Limpieza,8.02,5.06,4
169,196,2024-12-01,Producto_3,Snacks,74.96,49.62,2
169,196,2024-12-01,Producto_14,Snacks,95.94,56.83,1
169,196,2024-12-01,Producto_4,Tecnología,13.26,7.51,3
169,196,2024-12-01,Producto_10,Limpieza,60.98,37.41,1
170,265,2024-06-10,Producto_5,Limpieza,8.02,5.04,1
171,140,2024-03-28,Producto_15,Hogar,14.71,10.06,1
171,140,2024-03-28,Producto_9,Tecnología,44.85,28.93,2
171,140,2024-03-28,Producto_3,Snacks,74.96,50.91,3
171,140,2024-03-28,Producto_7,Tecnología,62.19,25.87,4
172,258,2024-12-30,Producto_4,Tecnología,13.26,6.2,3
172,258,2024-12-30,Producto_7,Tecnología,62.19,42.24,3
172,258,2024-12-30,Producto_2,Hogar,28.26,18.01,3
173,71,2024-10-26,Producto_5,Limpieza,8.02,4.88,4
174,72,2024-03-16,Producto_8,Tecnología,23.89,11.39,1
174,72,2024-03-16,Producto_10,Limpieza,60.98,34.43,2
174,72,2024-03-16,Producto_1,Bebidas,7.38,4.12,5
174,72,2024-03-16,Producto_2,Hogar,28.26,17.88,1
175,122,2024-02-18,Producto_2,Hogar,28.26,16.72,4
175,122,2024-02-18,Producto_1,Bebidas,7.38,3.96,5
175,122,2024-02-18,Producto_4,Tecnología,13.26,8.63,1
176,256,2024-01-24,Producto_11,Bebidas,77.09,44.14,5
177,74,2024-04-13,Producto_7,Tecnología,62.19,29.36,3
177,74,2024-04-13,Producto_1,Bebidas,7.38,3.37,4
177,74,2024-04-13,Producto_10,Limpieza,60.98,33.97,1
178,185,2024-01-21,Producto_9,Tecnología,44.85,24.77,5
179,260,2024-09-27,Producto_7,Tecnología,62.19,25.69,4
180,199,2024-08-10,Producto_5,Limpieza,8.02,5.11,3
180,199,2024-08-10,Producto_12,Snacks,71.32,33.69,3
180,199,2024-08-10,Producto_1,Bebidas,7.38,4.66,1
181,171,2024-06-11,Producto_1,Bebidas,7.38,3.7,5
181,171,2024-06-11,Producto_6,Bebidas,25.77,16.73,2
182,238,2024-08-21,Producto_11,Bebidas,77.09,47.4,1
182,238,2024-08-21,Producto_3,Snacks,74.96,30.82,4
182,238,2024-08-21,Producto_13,Hogar,31.4,12.97,2
182,238,2024-08-21,Producto_14,Snacks,95.94,63.87,2
183,162,2024-10-10,Producto_9,Tecnología,44.85,21.35,4
183,162,2024-10-10,Producto_7,Tecnología,62.19,30.21,2
183,162,2024-10-10,Producto_15,Hogar,14.71,9.7,1
184,170,2024-08-12,Producto_2,Hogar,28.26,18.85,4
184,170,2024-08-12,Producto_13,Hogar,31.4,20.99,4
184,170,2024-08-12,Producto_6,Bebidas,25.77,12.93,4
185,96,2024-12-14,Producto_12,Snacks,71.32,45.67,3
185,96,2024-12-14,Producto_8,Tecnología,23.89,10.12,4
185,96,2024-12-14,Producto_6,Bebidas,25.77,18.0,5
185,96,2024-12-14,Producto_9,Tecnología,44.85,25.28,2
186,165,2024-08-07,Producto_2,Hogar,28.26,16.91,3
187,157,2024-12-25,Producto_10,Limpieza,60.98,30.82,4
187,157,2024-12-25,Producto_12,Snacks,71.32,44.08,1
187,157,2024-12-25,Producto_7,Tecnología,62.19,36.35,3
187,157,2024-12-25,Producto_3,Snacks,74.96,36.16,4
188,30,2024-12-02,Producto_11,Bebidas,77.09,39.24,4
189,82,2024-12-03,Producto_3,Snacks,74.96,45.23,5
190,225,2024-08-02,Producto_3,Snacks,74.96,35.29,1
191,188,2024-02-01,Producto_7,Tecnología,62.19,27.74,5
191,188,2024-02-01,Producto_10,Limpieza,60.98,41.75,4
191,188,2024-02-01,Producto_1,Bebidas,7.38,3.93,3
192,40,2024-07-15,Producto_9,Tecnología,44.85,22.17,4
192,40,2024-07-15,Producto_6,Bebidas,25.77,12.24,3
193,59,2024-07-13,Producto_12,Snacks,71.32,39.21,2
194,199,2024-10-20,Producto_5,Limpieza,8.02,4.9,3
195,110,2024-03-26,Producto_12,Snacks,71.32,31.43,1
195,110,2024-03-26,Producto_8,Tecnología,23.89,12.8,1
195,110,2024-03-26,Producto_4,Tecnología,13.26,9.27,4
196,164,2024-02-29,Producto_12,Snacks,71.32,34.74,5
196,164,2024-02-29,Producto_2,Hogar,28.26,18.52,3
196,164,2024-02-29,Producto_9,Tecnología,44.85,28.62,2
197,261,2024-01-20,Producto_2,Hogar,28.26,13.31,2
197,261,2024-01-20,Producto_4,Tecnología,13.26,5.41,4
198,284,2024-05-22,Producto_8,Tecnología,23.89,13.94,2
198,284,2024-05-22,Producto_13,Hogar,31.4,13.18,1
198,284,2024-05-22,Producto_9,Tecnología,44.85,31.39,4
199,246,2024-03-31,Producto_13,Hogar,31.4,21.72,2
199,246,2024-03-31,Producto_7,Tecnología,62.19,33.27,1
199,246,2024-03-31,Producto_10,Limpieza,60.98,30.69,5
199,246,2024-03-31,Producto_2,Hogar,28.26,16.73,5
200,94,2024-09-06,Producto_7,Tecnología,62.19,40.39,1
200,94,2024-09-06,Producto_9,Tecnología,44.85,20.0,5
201,85,2024-12-30,Producto_6,Bebidas,25.77,12.98,2
201,85,2024-12-30,Producto_12,Snacks,71.32,47.68,5
202,41,2024-07-13,Producto_4,Tecnología,13.26,5.8,3
202,41,2024-07-13,Producto_11,Bebidas,77.09,45.05,3
202,41,2024-07-13,Producto_9,Tecnología,44.85,24.7,1
203,87,2024-08-27,Producto_3,Snacks,74.96,46.19,5
203,87,2024-08-27,Producto_11,Bebidas,77.09,38.64,5
204,289,2024-03-24,Producto_14,Snacks,95.94,40.71,1
205,296,2024-06-08,Producto_11,Bebidas,77.09,40.47,5
205,296,2024-06-08,Producto_4,Tecnología,13.26,7.29,1
205,296,2024-06-08,Producto_13,Hogar,31.4,15.29,5
206,155,2024-10-11,Producto_4,Tecnología,13.26,6.49,4
206,155,2024-10-11,Producto_13,Hogar,31.4,19.05,1
206,155,2024-10-11,Producto_14,Snacks,95.94,51.03,2
206,155,2024-10-11,Producto_11,Bebidas,77.09,41.58,4
207,175,2024-06-06,Producto_6,Bebidas,25.77,15.98,3
207,175,2024-06-06,Producto_14,Snacks,95.94,66.45,3
208,67,2024-04-07,Producto_9,Tecnología,44.85,21.19,3
208,67,2024-04-07,Producto_15,Hogar,14.71,7.06,1
208,67,2024-04-07,Producto_2,Hogar,28.26,12.5,2
209,26,2024-12-09,Producto_7,Tecnología,62.19,29.51,4
209,26,2024-12-09,Producto_14,Snacks,95.94,61.79,2
209,26,2024-12-09,Producto_10,Limpieza,60.98,37.58,5
210,98,2024-12-07,Producto_8,Tecnología,23.89,13.13,4
210,98,2024-12-07,Producto_9,Tecnología,44.85,24.63,3
211,47,2024-06-18,Producto_9,Tecnología,44.85,22.69,5
211,47,2024-06-18,Producto_8,Tecnología,23.89,11.57,1
211,47,2024-06-18,Producto_4,Tecnología,13.26,8.81,5
211,47,2024-06-18,Producto_13,Hogar,31.4,15.25,4
212,5,2024-12-16,Producto_7,Tecnología,62.19,41.34,2
213,188,2024-05-12,Producto_6,Bebidas,25.77,14.65,5
213,188,2024-05-12,Producto_1,Bebidas,7.38,4.18,3
213,188,2024-05-12,Producto_7,Tecnología,62.19,32.08,1
213,188,2024-05-12,Producto_14,Snacks,95.94,60.38,4
214,144,2024-11-09,Producto_3,Snacks,74.96,38.84,1
215,174,2024-06-26,Producto_13,Hogar,31.4,17.36,5
215,174,2024-06-26,Producto_3,Snacks,74.96,30.89,5
215,174,2024-06-26,Producto_4,Tecnología,13.26,5.85,1
216,171,2024-06-25,Producto_9,Tecnología,44.85,19.82,5
216,171,2024-06-25,Producto_8,Tecnología,23.89,11.84,5
216,171,2024-06-25,Producto_3,Snacks,74.96,52.26,4
216,171,2024-06-25,Producto_10,Limpieza,60.98,35.25,3
217,260,2024-10-08,Producto_12,Snacks,71.32,36.41,1
217,260,2024-10-08,Producto_10,Limpieza,60.98,42.32,1
217,260,2024-10-08,Producto_5,Limpieza,8.02,3.95,5
217,260,2024-10-08,Producto_8,Tecnología,23.89,13.83,1
218,136,2024-01-29,Producto_12,Snacks,71.32,38.81,5
218,136,2024-01-29,Producto_1,Bebidas,7.38,4.34,5
219,195,2024-07-11,Producto_14,Snacks,95.94,39.28,2
219,195,2024-07-11,Producto_11,Bebidas,77.09,35.25,1
220,226,2024-11-25,Producto_7,Tecnología,62.19,32.53,2
220,226,2024-11-25,Producto_3,Snacks,74.96,50.68,5
220,226,2024-11-25,Producto_15,Hogar,14.71,9.0,1
221,266,2024-05-27,Producto_9,Tecnología,44.85,25.01,4
221,266,2024-05-27,Producto_6,Bebidas,25.77,17.7,3
222,236,2024-09-07,Producto_9,Tecnología,44.85,26.15,3
222,236,2024-09-07,Producto_6,Bebidas,25.77,17.71,2
222,236,2024-09-07,Producto_11,Bebidas,77.09,43.74,3
223,116,2024-11-02,Producto_13,Hogar,31.4,19.06,2
223,116,2024-11-02,Producto_5,Limpieza,8.02,3.97,4
223,116,2024-11-02,Producto_12,Snacks,71.32,40.52,3
224,141,2024-10-02,Producto_2,Hogar,28.26,14.52,5
224,141,2024-10-02,Producto_10,Limpieza,60.98,39.36,4
224,141,2024-10-02,Producto_11,Bebidas,77.09,37.55,2
225,148,2024-01-09,Producto_6,Bebidas,25.77,15.38,4
226,246,2024-05-02,Producto_4,Tecnología,13.26,6.38,5
226,246,2024-05-02,Producto_14,Snacks,95.94,58.41,5
227,71,2024-05-19,Producto_10,Limpieza,60.98,28.77,5
228,26,2024-06-22,Producto_11,Bebidas,77.09,33.15,1
228,26,2024-06-22,Producto_4,Tecnología,13.26,8.16,3
229,52,2024-10-18,Producto_1,Bebidas,7.38,3.85,2
229,52,2024-10-18,Producto_9,Tecnología,44.85,24.36,4
230,103,2024-11-12,Producto_6,Bebidas,25.77,17.33,1
230,103,2024-11-12,Producto_5,Limpieza,8.02,4.78,1
230,103,2024-11-12,Producto_11,Bebidas,77.09,43.21,2
231,20,2024-12-11,Producto_7,Tecnología,62.19,42.3,2
231,20,2024-12-11,Producto_14,Snacks,95.94,67.08,1
232,204,2024-09-14,Producto_3,Snacks,74.96,36.69,1
232,204,2024-09-14,Producto_12,Snacks,71.32,30.82,5
232,204,2024-09-14,Producto_5,Limpieza,8.02,3.89,3
232,204,2024-09-14,Producto_1,Bebidas,7.38,4.11,5
233,69,2024-12-24,Producto_5,Limpieza,8.02,3.6,3
233,69,2024-12-24,Producto_4,Tecnología,13.26,7.88,4
233,69,2024-12-24,Producto_13,Hogar,31.4,12.69,2
233,69,2024-12-24,Producto_2,Hogar,28.26,18.01,3
234,291,2024-09-15,Producto_3,Snacks,74.96,48.58,4
234,291,2024-09-15,Producto_10,Limpieza,60.98,30.39,5
235,206,2024-11-05,Producto_3,Snacks,74.96,40.72,2
236,128,2024-11-14,Producto_5,Limpieza,8.02,3.77,4
237,137,2024-11-05,Producto_5,Limpieza,8.02,3.24,5
237,137,2024-11-05,Producto_10,Limpieza,60.98,37.07,3
237,137,2024-11-05,Producto_12,Snacks,71.32,42.82,1
238,239,2024-05-18,Producto_3,Snacks,74.96,50.74,5
238,239,2024-05-18,Producto_7,Tecnología,62.19,37.75,3
238,239,2024-05-18,Producto_11,Bebidas,77.09,39.34,3
239,114,2024-11-02,Producto_3,Snacks,74.96,40.22,2
239,114,2024-11-02,Producto_8,Tecnología,23.89,12.23,5
240,282,2024-12-29,Producto_13,Hogar,31.4,19.74,2
240,282,2024-12-29,Producto_9,Tecnología,44.85,29.69,5
240,282,2024-12-29,Producto_15,Hogar,14.71,8.2,1
240,282,2024-12-29,Producto_11,Bebidas,77.09,47.11,5
241,40,2024-12-12,Producto_1,Bebidas,7.38,4.95,5
242,104,2024-11-19,Producto_3,Snacks,74.96,39.92,5
242,104,2024-11-19,Producto_6,Bebidas,25.77,15.85,2
243,251,2024-05-30,Producto_15,Hogar,14.71,7.85,5
244,29,2024-01-09,Producto_3,Snacks,74.96,31.28,5
244,29,2024-01-09,Producto_9,Tecnología,44.85,26.99,4
244,29,2024-01-09,Producto_7,Tecnología,62.19,38.37,3
244,29,2024-01-09,Producto_8,Tecnología,23.89,11.38,4
245,2,2024-07-28,Producto_10,Limpieza,60.98,32.14,1
245,2,2024-07-28,Producto_2,Hogar,28.26,15.89,1
246,31,2024-05-02,Producto_15,Hogar,14.71,6.02,4
247,210,2024-12-07,Producto_13,Hogar,31.4,16.09,4
247,210,2024-12-07,Producto_3,Snacks,74.96,40.07,4
248,194,2024-04-27,Producto_2,Hogar,28.26,16.84,2
248,194,2024-04-27,Producto_11,Bebidas,77.09,33.58,3
248,194,2024-04-27,Producto_14,Snacks,95.94,49.69,5
248,194,2024-04-27,Producto_9,Tecnología,44.85,27.73,2
249,115,2024-02-29,Producto_13,Hogar,31.4,21.78,1
250,238,2024-06-20,Producto_9,Tecnología,44.85,22.6,4
250,238,2024-06-20,Producto_7,Tecnología,62.19,28.39,3
250,238,2024-06-20,Producto_4,Tecnología,13.26,5.43,1
250,238,2024-06-20,Producto_13,Hogar,31.4,18.35,4
251,9,2024-01-27,Producto_4,Tecnología,13.26,7.67,1
251,9,2024-01-27,Producto_2,Hogar,28.26,16.37,4
252,25,2024-10-31,Producto_12,Snacks,71.32,37.92,4
252,25,2024-10-31,Producto_1,Bebidas,7.38,3.43,5
253,29,2024-10-03,Producto_9,Tecnología,44.85,28.92,2
253,29,2024-10-03,Producto_5,Limpieza,8.02,3.98,5
254,165,2024-12-23,Producto_5,Limpieza,8.02,3.74,5
254,165,2024-12-23,Producto_3,Snacks,74.96,36.17,3
255,286,2024-04-02,Producto_11,Bebidas,77.09,43.69,4
255,286,2024-04-02,Producto_15,Hogar,14.71,10.17,1
256,196,2024-06-09,Producto_12,Snacks,71.32,34.94,2
256,196,2024-06-09,Producto_7,Tecnología,62.19,38.95,2
256,196,2024-06-09,Producto_14,Snacks,95.94,45.31,4
257,116,2024-02-07,Producto_14,Snacks,95.94,64.7,4
257,116,2024-02-07,Producto_12,Snacks,71.32,37.36,5
257,116,2024-02-07,Producto_3,Snacks,74.96,42.52,4
258,69,2024-10-15,Producto_4,Tecnología,13.26,8.97,1
258,69,2024-10-15,Producto_5,Limpieza,8.02,3.43,3
258,69,2024-10-15,Producto_15,Hogar,14.71,6.11,2
258,69,2024-10-15,Producto_6,Bebidas,25.77,15.52,4
259,21,2024-04-15,Producto_4,Tecnología,13.26,8.19,5
260,287,2024-05-10,Producto_8,Tecnología,23.89,11.73,3
260,287,2024-05-10,Producto_4,Tecnología,13.26,6.15,1
261,98,2024-01-20,Producto_12,Snacks,71.32,48.09,4
262,105,2024-08-24,Producto_15,Hogar,14.71,7.56,3
262,105,2024-08-24,Producto_4,Tecnología,13.26,7.88,5
262,105,2024-08-24,Producto_9,Tecnología,44.85,21.46,3
262,105,2024-08-24,Producto_6,Bebidas,25.77,17.13,5
263,239,2024-07-18,Producto_13,Hogar,31.4,19.73,4
264,164,2024-12-02,Producto_6,Bebidas,25.77,10.66,4
264,164,2024-12-02,Producto_15,Hogar,14.71,9.16,2
265,9,2024-07-22,Producto_9,Tecnología,44.85,21.91,4
265,9,2024-07-22,Producto_10,Limpieza,60.98,30.43,2
265,9,2024-07-22,Producto_14,Snacks,95.94,54.78,4
266,126,2024-10-12,Producto_9,Tecnología,44.85,28.21,3
266,126,2024-10-12,Producto_11,Bebidas,77.09,53.19,4
266,126,2024-10-12,Producto_14,Snacks,95.94,51.64,4
266,126,2024-10-12,Producto_6,Bebidas,25.77,11.62,3
267,280,2024-09-23,Producto_3,Snacks,74.96,30.74,5
267,280,2024-09-23,Producto_9,Tecnología,44.85,30.66,1
267,280,2024-09-23,Producto_11,Bebidas,77.09,48.51,1
267,280,2024-09-23,Producto_1,Bebidas,7.38,3.26,4
268,119,2024-09-24,Producto_12,Snacks,71.32,28.72,2
269,259,2024-02-20,Producto_6,Bebidas,25.77,17.36,5
269,259,2024-02-20,Producto_1,Bebidas,7.38,2.99,4
269,259,2024-02-20,Producto_10,Limpieza,60.98,34.48,5
269,259,2024-02-20,Producto_11,Bebidas,77.09,31.22,1
270,141,2024-05-28,Producto_1,Bebidas,7.38,4.74,4
270,141,2024-05-28,Producto_9,Tecnología,44.85,19.38,2
270,141,2024-05-28,Producto_12,Snacks,71.32,39.75,1
271,124,2024-03-06,Producto_10,Limpieza,60.98,39.31,3
271,124,2024-03-06,Producto_9,Tecnología,44.85,28.64,3
272,41,2024-03-12,Producto_7,Tecnología,62.19,43.35,2
272,41,2024-03-12,Producto_8,Tecnología,23.89,11.71,2
272,41,2024-03-12,Producto_10,Limpieza,60.98,36.35,1
273,17,2024-07-29,Producto_7,Tecnología,62.19,31.91,4
274,244,2024-10-01,Producto_11,Bebidas,77.09,47.09,1
275,43,2024-09-13,Producto_14,Snacks,95.94,66.51,5
275,43,2024-09-13,Producto_7,Tecnología,62.19,41.57,1
275,43,2024-09-13,Producto_11,Bebidas,77.09,36.15,1
275,43,2024-09-13,Producto_6,Bebidas,25.77,13.98,5
276,24,2024-06-26,Producto_11,Bebidas,77.09,51.63,3
277,289,2024-05-25,Producto_3,Snacks,74.96,30.34,3
278,107,2024-01-24,Producto_13,Hogar,31.4,21.31,4
278,107,2024-01-24,Producto_14,Snacks,95.94,43.05,3
279,124,2024-02-27,Producto_11,Bebidas,77.09,49.12,2
279,124,2024-02-27,Producto_9,Tecnología,44.85,24.68,1
279,124,2024-02-27,Producto_6,Bebidas,25.77,10.72,3
279,124,2024-02-27,Producto_7,Tecnología,62.19,29.21,4
280,39,2024-05-13,Producto_10,Limpieza,60.98,31.65,5
280,39,2024-05-13,Producto_13,Hogar,31.4,12.84,3
280,39,2024-05-13,Producto_15,Hogar,14.71,9.34,3
281,231,2024-09-26,Producto_4,Tecnología,13.26,6.04,4
281,231,2024-09-26,Producto_6,Bebidas,25.77,15.42,5
281,231,2024-09-26,Producto_9,Tecnología,44.85,28.33,1
281,231,2024-09-26,Producto_7,Tecnología,62.19,39.77,3
282,38,2024-03-05,Producto_5,Limpieza,8.02,4.12,2
283,79,2024-03-10,Producto_6,Bebidas,25.77,17.6,1
283,79,2024-03-10,Producto_15,Hogar,14.71,7.47,4
283,79,2024-03-10,Producto_2,Hogar,28.26,12.17,3
283,79,2024-03-10,Producto_13,Hogar,31.4,14.33,1
284,230,2024-05-06,Producto_2,Hogar,28.26,12.09,5
284,230,2024-05-06,Producto_1,Bebidas,7.38,4.69,5
284,230,2024-05-06,Producto_15,Hogar,14.71,5.94,4
284,230,2024-05-06,Producto_6,Bebidas,25.77,13.31,4
285,44,2024-11-22,Producto_10,Limpieza,60.98,36.93,2
285,44,2024-11-22,Producto_9,Tecnología,44.85,19.81,2
286,155,2024-05-08,Producto_8,Tecnología,23.89,12.67,2
286,155,2024-05-08,Producto_3,Snacks,74.96,36.72,4
286,155,2024-05-08,Producto_2,Hogar,28.26,14.37,1
287,127,2024-05-27,Producto_10,Limpieza,60.98,26.87,1
287,127,2024-05-27,Producto_15,Hogar,14.71,10.07,1
287,127,2024-05-27,Producto_4,Tecnología,13.26,8.65,3
287,127,2024-05-27,Producto_8,Tecnología,23.89,15.32,4
288,169,2024-06-03,Producto_6,Bebidas,25.77,12.63,2
288,169,2024-06-03,Producto_7,Tecnología,62.19,42.55,5
288,169,2024-06-03,Producto_11,Bebidas,77.09,41.91,2
288,169,2024-06-03,Producto_10,Limpieza,60.98,42.04,2
289,164,2024-09-18,Producto_12,Snacks,71.32,49.23,4
289,164,2024-09-18,Producto_15,Hogar,14.71,7.32,2
289,164,2024-09-18,Producto_11,Bebidas,77.09,49.72,3
290,202,2024-04-22,Producto_2,Hogar,28.26,19.76,5
290,202,2024-04-22,Producto_10,Limpieza,60.98,36.86,2
290,202,2024-04-22,Producto_4,Tecnología,13.26,5.41,5
291,237,2024-12-19,Producto_8,Tecnología,23.89,15.51,3
291,237,2024-12-19,Producto_13,Hogar,31.4,20.27,1
292,210,2024-05-04,Producto_3,Snacks,74.96,44.8,3
292,210,2024-05-04,Producto_11,Bebidas,77.09,49.08,4
292,210,2024-05-04,Producto_5,Limpieza,8.02,4.29,1
292,210,2024-05-04,Producto_4,Tecnología,13.26,7.21,5
293,206,2024-09-12,Producto_9,Tecnología,44.85,25.93,5
293,206,2024-09-12,Producto_1,Bebidas,7.38,3.19,1
293,206,2024-09-12,Producto_13,Hogar,31.4,18.75,2
293,206,2024-09-12,Producto_6,Bebidas,25.77,11.59,3
294,23,2024-09-24,Producto_13,Hogar,31.4,12.66,1
294,23,2024-09-24,Producto_6,Bebidas,25.77,12.02,3
294,23,2024-09-24,Producto_15,Hogar,14.71,8.35,5
294,23,2024-09-24,Producto_7,Tecnología,62.19,29.0,5
295,192,2024-09-10,Producto_8,Tecnología,23.89,10.64,5
295,192,2024-09-10,Producto_13,Hogar,31.4,17.11,1
295,192,2024-09-10,Producto_11,Bebidas,77.09,40.46,3
295,192,2024-09-10,Producto_10,Limpieza,60.98,26.52,1
296,73,2024-06-03,Producto_5,Limpieza,8.02,4.46,2
296,73,2024-06-03,Producto_6,Bebidas,25.77,13.99,3
296,73,2024-06-03,Producto_8,Tecnología,23.89,14.73,4
297,232,2024-12-06,Producto_2,Hogar,28.26,11.5,1
297,232,2024-12-06,Producto_5,Limpieza,8.02,4.77,3
297,232,2024-12-06,Producto_1,Bebidas,7.38,5.01,2
298,125,2024-11-01,Producto_9,Tecnología,44.85,25.47,3
298,125,2024-11-01,Producto_3,Snacks,74.96,35.2,4
299,208,2024-07-27,Producto_3,Snacks,74.96,38.88,4
299,208,2024-07-27,Producto_11,Bebidas,77.09,51.26,5
300,231,2024-04-15,Producto_7,Tecnología,62.19,30.07,2
300,231,2024-04-15,Producto_1,Bebidas,7.38,4.23,1
300,231,2024-04-15,Producto_12,Snacks,71.32,32.53,5
300,231,2024-04-15,Producto_4,Tecnología,13.26,6.09,3
301,59,2024-01-06,Producto_11,Bebidas,77.09,53.17,5
301,59,2024-01-06,Producto_14,Snacks,95.94,55.56,3
301,59,2024-01-06,Producto_8,Tecnología,23.89,12.37,5
302,59,2024-05-15,Producto_6,Bebidas,25.77,11.64,5
302,59,2024-05-15,Producto_14,Snacks,95.94,64.82,3
302,59,2024-05-15,Producto_8,Tecnología,23.89,10.16,5
303,69,2024-11-22,Producto_2,Hogar,28.26,12.86,1
303,69,2024-11-22,Producto_4,Tecnología,13.26,7.34,2
303,69,2024-11-22,Producto_5,Limpieza,8.02,4.64,4
304,295,2024-04-22,Producto_7,Tecnología,62.19,37.81,5
304,295,2024-04-22,Producto_3,Snacks,74.96,42.46,2
304,295,2024-04-22,Producto_8,Tecnología,23.89,11.63,4
304,295,2024-04-22,Producto_11,Bebidas,77.09,38.11,2
305,231,2024-11-06,Producto_14,Snacks,95.94,65.77,3
306,249,2024-02-10,Producto_4,Tecnología,13.26,9.14,4
306,249,2024-02-10,Producto_14,Snacks,95.94,57.17,5
307,210,2024-01-02,Producto_7,Tecnología,62.19,26.42,2
307,210,2024-01-02,Producto_12,Snacks,71.32,45.56,1
307,210,2024-01-02,Producto_8,Tecnología,23.89,11.65,2
307,210,2024-01-02,Producto_13,Hogar,31.4,14.68,3
308,148,2024-08-23,Producto_13,Hogar,31.4,19.55,5
308,148,2024-08-23,Producto_8,Tecnología,23.89,13.5,4
309,58,2024-08-28,Producto_5,Limpieza,8.02,5.19,5
310,188,2024-04-09,Producto_13,Hogar,31.4,17.71,4
311,218,2024-03-01,Producto_12,Snacks,71.32,34.9,2
312,17,2024-10-04,Producto_5,Limpieza,8.02,5.07,1
312,17,2024-10-04,Producto_6,Bebidas,25.77,11.93,2
312,17,2024-10-04,Producto_2,Hogar,28.26,17.15,5
312,17,2024-10-04,Producto_8,Tecnología,23.89,14.09,5
313,85,2024-05-06,Producto_13,Hogar,31.4,20.15,2
313,85,2024-05-06,Producto_4,Tecnología,13.26,6.7,5
314,144,2024-01-28,Producto_6,Bebidas,25.77,12.54,3
314,144,2024-01-28,Producto_12,Snacks,71.32,48.91,3
315,264,2024-02-21,Producto_3,Snacks,74.96,50.65,4
316,142,2024-07-16,Producto_12,Snacks,71.32,33.87,2
316,142,2024-07-16,Producto_14,Snacks,95.94,62.22,3
317,202,2024-05-25,Producto_3,Snacks,74.96,38.42,4
317,202,2024-05-25,Producto_10,Limpieza,60.98,35.98,1
317,202,2024-05-25,Producto_11,Bebidas,77.09,40.15,1
317,202,2024-05-25,Producto_5,Limpieza,8.02,4.88,3
318,189,2024-11-06,Producto_8,Tecnología,23.89,14.79,1
318,189,2024-11-06,Producto_6,Bebidas,25.77,15.22,4
318,189,2024-11-06,Producto_10,Limpieza,60.98,39.94,3
318,189,2024-11-06,Producto_1,Bebidas,7.38,3.83,5
319,220,2024-12-12,Producto_8,Tecnología,23.89,15.49,3
319,220,2024-12-12,Producto_5,Limpieza,8.02,4.52,3
320,67,2024-12-28,Producto_13,Hogar,31.4,13.5,1
320,67,2024-12-28,Producto_6,Bebidas,25.77,10.43,4
320,67,2024-12-28,Producto_11,Bebidas,77.09,41.04,2
320,67,2024-12-28,Producto_1,Bebidas,7.38,5.15,1
321,220,2024-03-07,Producto_12,Snacks,71.32,31.93,3
321,220,2024-03-07,Producto_3,Snacks,74.96,32.08,3
322,185,2024-11-30,Producto_2,Hogar,28.26,11.74,2
322,185,2024-11-30,Producto_6,Bebidas,25.77,15.92,3
322,185,2024-11-30,Producto_11,Bebidas,77.09,40.76,2
323,47,2024-10-30,Producto_1,Bebidas,7.38,4.01,2
324,68,2024-03-05,Producto_9,Tecnología,44.85,18.06,4
324,68,2024-03-05,Producto_11,Bebidas,77.09,49.73,3
325,217,2024-06-21,Producto_8,Tecnología,23.89,12.3,2
325,217,2024-06-21,Producto_2,Hogar,28.26,12.18,1
326,189,2024-03-21,Producto_3,Snacks,74.96,44.41,2
326,189,2024-03-21,Producto_7,Tecnología,62.19,26.15,2
326,189,2024-03-21,Producto_13,Hogar,31.4,12.64,5
327,85,2024-11-16,Producto_6,Bebidas,25.77,17.42,2
327,85,2024-11-16,Producto_12,Snacks,71.32,43.22,5
327,85,2024-11-16,Producto_4,Tecnología,13.26,5.65,2
327,85,2024-11-16,Producto_11,Bebidas,77.09,34.07,1
328,64,2024-03-04,Producto_6,Bebidas,25.77,12.45,2
328,64,2024-03-04,Producto_7,Tecnología,62.19,29.51,1
328,64,2024-03-04,Producto_15,Hogar,14.71,8.53,5
328,64,2024-03-04,Producto_3,Snacks,74.96,36.39,5
329,14,2024-04-25,Producto_4,Tecnología,13.26,6.05,5
329,14,2024-04-25,Producto_9,Tecnología,44.85,21.92,4
329,14,2024-04-25,Producto_10,Limpieza,60.98,38.73,1
330,123,2024-01-23,Producto_7,Tecnología,62.19,26.2,5
330,123,2024-01-23,Producto_2,Hogar,28.26,19.67,1
330,123,2024-01-23,Producto_4,Tecnología,13.26,5.83,3
330,123,2024-01-23,Producto_8,Tecnología,23.89,12.57,5
331,280,2024-07-04,Producto_13,Hogar,31.4,12.72,1
331,280,2024-07-04,Producto_8,Tecnología,23.89,9.65,1
332,111,2024-07-18,Producto_15,Hogar,14.71,10.07,1
333,204,2024-05-15,Producto_11,Bebidas,77.09,40.63,4
333,204,2024-05-15,Producto_12,Snacks,71.32,30.29,4
333,204,2024-05-15,Producto_9,Tecnología,44.85,25.17,5
334,79,2024-02-11,Producto_2,Hogar,28.26,19.11,5
334,79,2024-02-11,Producto_5,Limpieza,8.02,4.5,2
334,79,2024-02-11,Producto_15,Hogar,14.71,8.47,4
335,34,2024-11-18,Producto_12,Snacks,71.32,29.77,2
335,34,2024-11-18,Producto_7,Tecnología,62.19,42.13,1
335,34,2024-11-18,Producto_15,Hogar,14.71,7.88,1
336,29,2024-12-16,Producto_11,Bebidas,77.09,33.6,2
336,29,2024-12-16,Producto_12,Snacks,71.32,43.54,2
336,29,2024-12-16,Producto_15,Hogar,14.71,8.07,2
337,178,2024-01-21,Producto_3,Snacks,74.96,46.47,3
337,178,2024-01-21,Producto_6,Bebidas,25.77,16.27,1
337,178,2024-01-21,Producto_15,Hogar,14.71,7.36,1
338,220,2024-04-14,Producto_9,Tecnología,44.85,26.38,5
338,220,2024-04-14,Producto_2,Hogar,28.26,15.16,4
338,220,2024-04-14,Producto_5,Limpieza,8.02,3.34,3
339,291,2024-01-06,Producto_6,Bebidas,25.77,16.29,3
339,291,2024-01-06,Producto_3,Snacks,74.96,45.14,5
340,60,2024-03-22,Producto_12,Snacks,71.32,29.47,1
340,60,2024-03-22,Producto_9,Tecnología,44.85,21.23,1
341,242,2024-02-04,Producto_7,Tecnología,62.19,35.19,1
341,242,2024-02-04,Producto_3,Snacks,74.96,35.03,4
341,242,2024-02-04,Producto_14,Snacks,95.94,50.36,2
342,164,2024-02-12,Producto_14,Snacks,95.94,41.81,3
342,164,2024-02-12,Producto_2,Hogar,28.26,12.82,1
342,164,2024-02-12,Producto_10,Limpieza,60.98,42.35,5
343,206,2024-06-05,Producto_15,Hogar,14.71,9.71,4
344,160,2024-03-25,Producto_2,Hogar,28.26,14.43,1
344,160,2024-03-25,Producto_9,Tecnología,44.85,25.53,3
344,160,2024-03-25,Producto_8,Tecnología,23.89,14.86,3
345,125,2024-09-17,Producto_6,Bebidas,25.77,16.19,5
345,125,2024-09-17,Producto_10,Limpieza,60.98,27.15,2
345,125,2024-09-17,Producto_8,Tecnología,23.89,9.73,4
345,125,2024-09-17,Producto_4,Tecnología,13.26,6.68,5
346,5,2024-10-10,Producto_1,Bebidas,7.38,4.83,4
346,5,2024-10-10,Producto_13,Hogar,31.4,13.54,3
346,5,2024-10-10,Producto_11,Bebidas,77.09,53.57,5
347,215,2024-01-23,Producto_1,Bebidas,7.38,3.05,1
347,215,2024-01-23,Producto_3,Snacks,74.96,50.16,2
347,215,2024-01-23,Producto_12,Snacks,71.32,37.37,5
347,215,2024-01-23,Producto_5,Limpieza,8.02,4.31,3
348,44,2024-09-28,Producto_9,Tecnología,44.85,26.51,2
349,202,2024-02-17,Producto_10,Limpieza,60.98,25.53,5
350,67,2024-09-11,Producto_5,Limpieza,8.02,5.44,3
350,67,2024-09-11,Producto_15,Hogar,14.71,8.98,4
351,168,2024-06-12,Producto_8,Tecnología,23.89,16.32,1
351,168,2024-06-12,Producto_5,Limpieza,8.02,5.08,2
351,168,2024-06-12,Producto_4,Tecnología,13.26,5.74,5
352,55,2024-03-12,Producto_8,Tecnología,23.89,12.47,3
352,55,2024-03-12,Producto_15,Hogar,14.71,7.47,5
353,107,2024-02-07,Producto_5,Limpieza,8.02,3.59,1
353,107,2024-02-07,Producto_8,Tecnología,23.89,15.48,3
353,107,2024-02-07,Producto_15,Hogar,14.71,6.06,5
353,107,2024-02-07,Producto_2,Hogar,28.26,12.56,3
354,128,2024-09-25,Producto_7,Tecnología,62.19,29.73,3
354,128,2024-09-25,Producto_9,Tecnología,44.85,18.36,2
354,128,2024-09-25,Producto_1,Bebidas,7.38,4.84,4
355,285,2024-04-06,Producto_2,Hogar,28.26,18.12,1
355,285,2024-04-06,Producto_8,Tecnología,23.89,10.43,2
356,32,2024-01-23,Producto_3,Snacks,74.96,38.35,4
356,32,2024-01-23,Producto_4,Tecnología,13.26,7.62,1
357,133,2024-05-08,Producto_1,Bebidas,7.38,3.39,1
358,228,2024-02-09,Producto_2,Hogar,28.26,12.34,3
358,228,2024-02-09,Producto_14,Snacks,95.94,39.83,4
359,294,2024-11-09,Producto_14,Snacks,95.94,49.39,1
359,294,2024-11-09,Producto_12,Snacks,71.32,32.23,4
359,294,2024-11-09,Producto_7,Tecnología,62.19,41.82,2
359,294,2024-11-09,Producto_8,Tecnología,23.89,11.56,3
360,77,2024-06-16,Producto_10,Limpieza,60.98,35.68,5
361,152,2024-03-11,Producto_7,Tecnología,62.19,30.1,1
361,152,2024-03-11,Producto_9,Tecnología,44.85,23.58,2
361,152,2024-03-11,Producto_8,Tecnología,23.89,11.34,5
361,152,2024-03-11,Producto_1,Bebidas,7.38,4.71,5
362,196,2024-01-26,Producto_8,Tecnología,23.89,12.02,4
362,196,2024-01-26,Producto_9,Tecnología,44.85,24.7,5
362,196,2024-01-26,Producto_13,Hogar,31.4,15.11,4
363,14,2024-03-01,Producto_10,Limpieza,60.98,25.46,3
363,14,2024-03-01,Producto_4,Tecnología,13.26,7.41,4
363,14,2024-03-01,Producto_1,Bebidas,7.38,5.17,5
364,82,2024-09-08,Producto_4,Tecnología,13.26,6.36,2
365,29,2024-12-26,Producto_10,Limpieza,60.98,30.88,4
365,29,2024-12-26,Producto_14,Snacks,95.94,43.44,2
366,163,2024-03-16,Producto_15,Hogar,14.71,10.07,3
366,163,2024-03-16,Producto_10,Limpieza,60.98,26.99,5
366,163,2024-03-16,Producto_1,Bebidas,7.38,4.8,2
367,253,2024-11-11,Producto_3,Snacks,74.96,31.25,1
367,253,2024-11-11,Producto_8,Tecnología,23.89,11.12,5
367,253,2024-11-11,Producto_1,Bebidas,7.38,4.01,5
368,170,2024-02-29,Producto_13,Hogar,31.4,19.31,3
368,170,2024-02-29,Producto_3,Snacks,74.96,31.32,3
369,76,2024-12-15,Producto_13,Hogar,31.4,20.67,5
369,76,2024-12-15,Producto_2,Hogar,28.26,14.47,1
370,203,2024-05-12,Producto_6,Bebidas,25.77,12.8,3
371,81,2024-05-01,Producto_13,Hogar,31.4,14.2,3
371,81,2024-05-01,Producto_11,Bebidas,77.09,46.88,5
371,81,2024-05-01,Producto_8,Tecnología,23.89,15.2,5
371,81,2024-05-01,Producto_14,Snacks,95.94,57.53,2
372,90,2024-04-15,Producto_5,Limpieza,8.02,3.64,2
372,90,2024-04-15,Producto_12,Snacks,71.32,48.83,1
372,90,2024-04-15,Producto_14,Snacks,95.94,49.65,5
372,90,2024-04-15,Producto_15,Hogar,14.71,6.03,5
373,163,2024-07-04,Producto_11,Bebidas,77.09,52.5,1
373,163,2024-07-04,Producto_10,Limpieza,60.98,30.45,2
374,40,2024-05-16,Producto_6,Bebidas,25.77,15.23,2
374,40,2024-05-16,Producto_15,Hogar,14.71,9.51,1
375,172,2024-02-01,Producto_1,Bebidas,7.38,3.73,1
375,172,2024-02-01,Producto_5,Limpieza,8.02,4.94,1
375,172,2024-02-01,Producto_4,Tecnología,13.26,6.84,1
375,172,2024-02-01,Producto_13,Hogar,31.4,21.69,4
376,212,2024-06-16,Producto_15,Hogar,14.71,6.33,4
376,212,2024-06-16,Producto_7,Tecnología,62.19,39.59,4
376,212,2024-06-16,Producto_6,Bebidas,25.77,15.34,5
376,212,2024-06-16,Producto_9,Tecnología,44.85,20.13,2
377,38,2024-08-15,Producto_5,Limpieza,8.02,3.97,1
378,54,2024-09-12,Producto_6,Bebidas,25.77,17.17,2
379,83,2024-01-27,Producto_9,Tecnología,44.85,22.49,1
380,248,2024-05-07,Producto_7,Tecnología,62.19,36.21,2
381,223,2024-10-21,Producto_1,Bebidas,7.38,3.41,3
381,223,2024-10-21,Producto_2,Hogar,28.26,14.77,2
382,284,2024-08-24,Producto_11,Bebidas,77.09,33.05,2
382,284,2024-08-24,Producto_5,Limpieza,8.02,4.58,4
382,284,2024-08-24,Producto_14,Snacks,95.94,42.8,4
383,185,2024-07-25,Producto_7,Tecnología,62.19,30.37,1
384,246,2024-09-23,Producto_2,Hogar,28.26,12.75,2
384,246,2024-09-23,Producto_1,Bebidas,7.38,5.12,3
385,243,2024-08-29,Producto_5,Limpieza,8.02,4.34,4
386,136,2024-11-26,Producto_11,Bebidas,77.09,39.8,5
387,190,2024-11-07,Producto_6,Bebidas,25.77,13.71,3
387,190,2024-11-07,Producto_3,Snacks,74.96,35.07,3
387,190,2024-11-07,Producto_8,Tecnología,23.89,13.6,3
387,190,2024-11-07,Producto_1,Bebidas,7.38,4.62,2
388,50,2024-08-19,Producto_11,Bebidas,77.09,49.53,3
389,212,2024-03-15,Producto_9,Tecnología,44.85,28.95,4
389,212,2024-03-15,Producto_1,Bebidas,7.38,5.09,4
390,244,2024-04-03,Producto_8,Tecnología,23.89,12.39,1
390,244,2024-04-03,Producto_5,Limpieza,8.02,4.42,1
391,265,2024-04-05,Producto_2,Hogar,28.26,12.77,4
391,265,2024-04-05,Producto_13,Hogar,31.4,21.72,2
392,99,2024-03-10,Producto_1,Bebidas,7.38,5.14,1
392,99,2024-03-10,Producto_7,Tecnología,62.19,28.64,4
393,76,2024-07-07,Producto_6,Bebidas,25.77,10.98,1
393,76,2024-07-07,Producto_12,Snacks,71.32,37.03,5
393,76,2024-07-07,Producto_13,Hogar,31.4,20.63,3
394,267,2024-09-27,Producto_15,Hogar,14.71,8.48,5
394,267,2024-09-27,Producto_14,Snacks,95.94,41.61,4
394,267,2024-09-27,Producto_1,Bebidas,7.38,3.28,2
394,267,2024-09-27,Producto_12,Snacks,71.32,40.99,5
395,52,2024-09-05,Producto_10,Limpieza,60.98,38.77,1
396,275,2024-06-01,Producto_15,Hogar,14.71,8.77,4
396,275,2024-06-01,Producto_7,Tecnología,62.19,36.24,5
396,275,2024-06-01,Producto_5,Limpieza,8.02,3.62,1
397,207,2024-08-07,Producto_10,Limpieza,60.98,25.1,4
397,207,2024-08-07,Producto_15,Hogar,14.71,8.93,3
398,26,2024-09-12,Producto_15,Hogar,14.71,9.49,3
398,26,2024-09-12,Producto_5,Limpieza,8.02,3.96,3
398,26,2024-09-12,Producto_6,Bebidas,25.77,16.94,4
398,26,2024-09-12,Producto_1,Bebidas,7.38,5.11,1
399,117,2024-09-28,Producto_5,Limpieza,8.02,5.07,4
399,117,2024-09-28,Producto_12,Snacks,71.32,34.29,3
400,214,2024-01-07,Producto_4,Tecnología,13.26,6.14,4
401,209,2024-02-16,Producto_13,Hogar,31.4,20.02,5
401,209,2024-02-16,Producto_9,Tecnología,44.85,22.13,1
401,209,2024-02-16,Producto_6,Bebidas,25.77,13.43,5
401,209,2024-02-16,Producto_1,Bebidas,7.38,4.9,5
402,15,2024-06-20,Producto_4,Tecnología,13.26,8.63,2
402,15,2024-06-20,Producto_14,Snacks,95.94,39.33,2
403,26,2024-11-14,Producto_12,Snacks,71.32,46.15,3
403,26,2024-11-14,Producto_4,Tecnología,13.26,6.88,5
403,26,2024-11-14,Producto_5,Limpieza,8.02,4.85,1
404,124,2024-11-09,Producto_8,Tecnología,23.89,16.44,2
404,124,2024-11-09,Producto_10,Limpieza,60.98,35.13,4
404,124,2024-11-09,Producto_15,Hogar,14.71,7.4,3
405,133,2024-04-25,Producto_5,Limpieza,8.02,4.14,1
406,84,2024-12-06,Producto_14,Snacks,95.94,57.88,2
406,84,2024-12-06,Producto_4,Tecnología,13.26,7.9,3
407,263,2024-11-04,Producto_14,Snacks,95.94,52.02,1
408,68,2024-07-25,Producto_10,Limpieza,60.98,28.49,1
408,68,2024-07-25,Producto_13,Hogar,31.4,20.14,5
409,157,2024-08-04,Producto_7,Tecnología,62.19,29.58,4
409,157,2024-08-04,Producto_15,Hogar,14.71,7.22,4
409,157,2024-08-04,Producto_6,Bebidas,25.77,16.68,5
410,204,2024-02-22,Producto_1,Bebidas,7.38,5.16,5
411,192,2024-12-02,Producto_5,Limpieza,8.02,3.36,4
411,192,2024-12-02,Producto_11,Bebidas,77.09,45.65,3
411,192,2024-12-02,Producto_2,Hogar,28.26,13.52,3
412,153,2024-02-02,Producto_3,Snacks,74.96,50.22,2
412,153,2024-02-02,Producto_9,Tecnología,44.85,23.38,5
413,164,2024-02-22,Producto_12,Snacks,71.32,49.87,4
413,164,2024-02-22,Producto_1,Bebidas,7.38,4.96,3
414,208,2024-10-09,Producto_12,Snacks,71.32,45.99,5
414,208,2024-10-09,Producto_1,Bebidas,7.38,4.56,3
414,208,2024-10-09,Producto_10,Limpieza,60.98,36.95,2
414,208,2024-10-09,Producto_15,Hogar,14.71,9.88,4
415,184,2024-06-10,Producto_14,Snacks,95.94,43.59,5
415,184,2024-06-10,Producto_3,Snacks,74.96,40.57,1
415,184,2024-06-10,Producto_11,Bebidas,77.09,47.61,3
416,287,2024-10-13,Producto_11,Bebidas,77.09,35.98,1
416,287,2024-10-13,Producto_6,Bebidas,25.77,16.06,2
417,158,2024-12-09,Producto_13,Hogar,31.4,15.33,5
417,158,2024-12-09,Producto_6,Bebidas,25.77,13.95,1
417,158,2024-12-09,Producto_14,Snacks,95.94,55.08,5
417,158,2024-12-09,Producto_5,Limpieza,8.02,3.38,5
418,100,2024-02-24,Producto_14,Snacks,95.94,53.63,4
419,212,2024-10-22,Producto_14,Snacks,95.94,42.33,2
420,103,2024-03-31,Producto_7,Tecnología,62.19,30.78,2
420,103,2024-03-31,Producto_10,Limpieza,60.98,38.64,2
420,103,2024-03-31,Producto_8,Tecnología,23.89,11.94,4
421,91,2024-10-13,Producto_11,Bebidas,77.09,37.16,4
421,91,2024-10-13,Producto_1,Bebidas,7.38,4.23,2
421,91,2024-10-13,Producto_14,Snacks,95.94,52.47,2
422,46,2024-04-06,Producto_10,Limpieza,60.98,31.77,4
422,46,2024-04-06,Producto_7,Tecnología,62.19,32.03,4
423,20,2024-08-03,Producto_12,Snacks,71.32,47.61,1
423,20,2024-08-03,Producto_6,Bebidas,25.77,11.78,5
424,3,2024-12-08,Producto_4,Tecnología,13.26,6.55,3
424,3,2024-12-08,Producto_12,Snacks,71.32,36.73,1
425,157,2024-08-26,Producto_2,Hogar,28.26,13.83,1
425,157,2024-08-26,Producto_14,Snacks,95.94,51.5,3
426,267,2024-05-16,Producto_7,Tecnología,62.19,43.46,3
426,267,2024-05-16,Producto_11,Bebidas,77.09,39.14,4
426,267,2024-05-16,Producto_3,Snacks,74.96,33.69,2
427,207,2024-05-16,Producto_4,Tecnología,13.26,8.2,2
428,68,2024-09-23,Producto_12,Snacks,71.32,39.33,5
428,68,2024-09-23,Producto_1,Bebidas,7.38,3.76,1
429,20,2024-02-07,Producto_15,Hogar,14.71,6.1,5
429,20,2024-02-07,Producto_11,Bebidas,77.09,46.15,1
429,20,2024-02-07,Producto_5,Limpieza,8.02,3.32,1
429,20,2024-02-07,Producto_9,Tecnología,44.85,23.55,1
430,195,2024-04-25,Producto_9,Tecnología,44.85,24.32,3
431,79,2024-07-17,Producto_12,Snacks,71.32,34.97,1
431,79,2024-07-17,Producto_11,Bebidas,77.09,46.16,1
432,139,2024-09-10,Producto_7,Tecnología,62.19,34.42,1
432,139,2024-09-10,Producto_14,Snacks,95.94,41.76,5
433,59,2024-12-17,Producto_8,Tecnología,23.89,13.92,2
434,135,2024-10-31,Producto_6,Bebidas,25.77,12.59,4
434,135,2024-10-31,Producto_12,Snacks,71.32,40.26,1
435,107,2024-07-29,Producto_6,Bebidas,25.77,17.32,1
435,107,2024-07-29,Producto_4,Tecnología,13.26,7.97,5
435,107,2024-07-29,Producto_1,Bebidas,7.38,5.05,2
435,107,2024-07-29,Producto_13,Hogar,31.4,13.27,5
436,52,2024-12-02,Producto_11,Bebidas,77.09,36.94,3
436,52,2024-12-02,Producto_4,Tecnología,13.26,5.7,1
436,52,2024-12-02,Producto_8,Tecnología,23.89,15.82,2
437,149,2024-11-04,Producto_13,Hogar,31.4,19.52,4
437,149,2024-11-04,Producto_11,Bebidas,77.09,50.52,1
437,149,2024-11-04,Producto_6,Bebidas,25.77,10.38,1
438,71,2024-10-09,Producto_6,Bebidas,25.77,17.69,4
438,71,2024-10-09,Producto_15,Hogar,14.71,9.76,3
439,48,2024-01-25,Producto_14,Snacks,95.94,49.91,1
439,48,2024-01-25,Producto_6,Bebidas,25.77,12.41,4
439,48,2024-01-25,Producto_3,Snacks,74.96,45.5,4
440,245,2024-07-08,Producto_11,Bebidas,77.09,46.94,2
440,245,2024-07-08,Producto_13,Hogar,31.4,21.81,1
440,245,2024-07-08,Producto_3,Snacks,74.96,32.32,2
440,245,2024-07-08,Producto_2,Hogar,28.26,15.4,5
441,292,2024-12-24,Producto_3,Snacks,74.96,30.63,5
441,292,2024-12-24,Producto_10,Limpieza,60.98,33.23,2
441,292,2024-12-24,Producto_7,Tecnología,62.19,26.98,4
441,292,2024-12-24,Producto_6,Bebidas,25.77,13.71,4
442,33,2024-10-21,Producto_11,Bebidas,77.09,48.59,5
442,33,2024-10-21,Producto_6,Bebidas,25.77,15.9,5
442,33,2024-10-21,Producto_1,Bebidas,7.38,5.12,2
443,174,2024-12-06,Producto_7,Tecnología,62.19,33.87,2
444,198,2024-07-21,Producto_14,Snacks,95.94,64.05,5
444,198,2024-07-21,Producto_15,Hogar,14.71,6.12,5
445,81,2024-08-28,Producto_14,Snacks,95.94,47.6,4
445,81,2024-08-28,Producto_8,Tecnología,23.89,16.51,3
445,81,2024-08-28,Producto_3,Snacks,74.96,41.38,1
445,81,2024-08-28,Producto_2,Hogar,28.26,16.76,5
446,207,2024-12-08,Producto_2,Hogar,28.26,18.1,4
446,207,2024-12-08,Producto_8,Tecnología,23.89,10.19,4
447,256,2024-04-23,Producto_6,Bebidas,25.77,11.1,1
447,256,2024-04-23,Producto_2,Hogar,28.26,11.61,4
447,256,2024-04-23,Producto_8,Tecnología,23.89,9.56,5
447,256,2024-04-23,Producto_12,Snacks,71.32,45.47,1
448,156,2024-01-02,Producto_11,Bebidas,77.09,52.81,4
448,156,2024-01-02,Producto_15,Hogar,14.71,9.53,3
449,115,2024-01-11,Producto_6,Bebidas,25.77,13.97,5
449,115,2024-01-11,Producto_9,Tecnología,44.85,27.57,3
449,115,2024-01-11,Producto_13,Hogar,31.4,13.48,1
449,115,2024-01-11,Producto_10,Limpieza,60.98,24.43,2
450,182,2024-04-19,Producto_9,Tecnología,44.85,18.56,1
450,182,2024-04-19,Producto_15,Hogar,14.71,8.06,2
450,182,2024-04-19,Producto_6,Bebidas,25.77,11.13,4
451,101,2024-12-19,Producto_2,Hogar,28.26,13.13,4
451,101,2024-12-19,Producto_14,Snacks,95.94,59.01,2
452,56,2024-05-08,Producto_1,Bebidas,7.38,4.66,1
452,56,2024-05-08,Producto_11,Bebidas,77.09,41.41,4
452,56,2024-05-08,Producto_14,Snacks,95.94,65.9,5
452,56,2024-05-08,Producto_10,Limpieza,60.98,42.02,2
453,3,2024-10-18,Producto_9,Tecnología,44.85,29.23,4
454,248,2024-06-02,Producto_12,Snacks,71.32,44.16,2
454,248,2024-06-02,Producto_10,Limpieza,60.98,26.29,2
455,165,2024-12-22,Producto_7,Tecnología,62.19,32.3,3
455,165,2024-12-22,Producto_10,Limpieza,60.98,42.15,3
455,165,2024-12-22,Producto_12,Snacks,71.32,45.75,4
455,165,2024-12-22,Producto_4,Tecnología,13.26,6.95,2
456,263,2024-06-17,Producto_14,Snacks,95.94,58.87,3
456,263,2024-06-17,Producto_12,Snacks,71.32,42.06,5
456,263,2024-06-17,Producto_9,Tecnología,44.85,20.76,2
457,149,2024-08-22,Producto_15,Hogar,14.71,8.11,2
457,149,2024-08-22,Producto_11,Bebidas,77.09,47.26,3
457,149,2024-08-22,Producto_3,Snacks,74.96,42.63,3
458,299,2024-09-11,Producto_11,Bebidas,77.09,49.53,4
458,299,2024-09-11,Producto_12,Snacks,71.32,30.81,5
458,299,2024-09-11,Producto_9,Tecnología,44.85,19.9,4
458,299,2024-09-11,Producto_5,Limpieza,8.02,3.69,1
459,83,2024-01-01,Producto_11,Bebidas,77.09,46.81,1
459,83,2024-01-01,Producto_5,Limpieza,8.02,3.7,3
459,83,2024-01-01,Producto_3,Snacks,74.96,30.71,5
460,232,2024-06-13,Producto_10,Limpieza,60.98,40.21,5
461,288,2024-10-27,Producto_4,Tecnología,13.26,8.06,3
461,288,2024-10-27,Producto_9,Tecnología,44.85,30.41,1
461,288,2024-10-27,Producto_13,Hogar,31.4,16.48,4
461,288,2024-10-27,Producto_12,Snacks,71.32,49.19,3
462,28,2024-01-10,Producto_12,Snacks,71.32,32.87,3
463,227,2024-11-02,Producto_15,Hogar,14.71,9.22,3
463,227,2024-11-02,Producto_11,Bebidas,77.09,47.91,5
464,101,2024-09-14,Producto_5,Limpieza,8.02,5.57,2
464,101,2024-09-14,Producto_8,Tecnología,23.89,10.9,1
465,89,2024-11-30,Producto_7,Tecnología,62.19,32.87,1
466,285,2024-04-29,Producto_3,Snacks,74.96,30.11,3
466,285,2024-04-29,Producto_15,Hogar,14.71,9.02,4
466,285,2024-04-29,Producto_10,Limpieza,60.98,25.12,2
467,166,2024-11-14,Producto_13,Hogar,31.4,20.5,5
468,155,2024-02-17,Producto_13,Hogar,31.4,19.95,1
468,155,2024-02-17,Producto_10,Limpieza,60.98,34.0,3
468,155,2024-02-17,Producto_9,Tecnología,44.85,24.94,2
468,155,2024-02-17,Producto_6,Bebidas,25.77,11.54,5
469,279,2024-12-08,Producto_2,Hogar,28.26,14.11,3
469,279,2024-12-08,Producto_6,Bebidas,25.77,12.0,3
469,279,2024-12-08,Producto_4,Tecnología,13.26,7.41,5
469,279,2024-12-08,Producto_13,Hogar,31.4,20.32,5
470,5,2024-05-14,Producto_11,Bebidas,77.09,41.14,3
471,125,2024-02-20,Producto_11,Bebidas,77.09,39.66,3
472,59,2024-02-25,Producto_5,Limpieza,8.02,5.4,1
472,59,2024-02-25,Producto_9,Tecnología,44.85,24.86,3
472,59,2024-02-25,Producto_12,Snacks,71.32,38.06,5
472,59,2024-02-25,Producto_15,Hogar,14.71,7.19,1
473,99,2024-06-04,Producto_9,Tecnología,44.85,31.01,2
473,99,2024-06-04,Producto_2,Hogar,28.26,15.82,5
473,99,2024-06-04,Producto_14,Snacks,95.94,44.44,1
474,110,2024-06-20,Producto_14,Snacks,95.94,56.99,4
474,110,2024-06-20,Producto_2,Hogar,28.26,17.64,1
474,110,2024-06-20,Producto_4,Tecnología,13.26,5.4,2
474,110,2024-06-20,Producto_9,Tecnología,44.85,18.45,3
475,38,2024-09-19,Producto_3,Snacks,74.96,42.53,3
476,295,2024-09-05,Producto_15,Hogar,14.71,7.6,4
476,295,2024-09-05,Producto_5,Limpieza,8.02,4.25,4
477,9,2024-03-22,Producto_11,Bebidas,77.09,32.3,5
477,9,2024-03-22,Producto_2,Hogar,28.26,11.69,5
477,9,2024-03-22,Producto_9,Tecnología,44.85,22.75,1
477,9,2024-03-22,Producto_1,Bebidas,7.38,3.19,5
478,155,2024-06-29,Producto_5,Limpieza,8.02,4.13,4
479,16,2024-11-24,Producto_3,Snacks,74.96,47.9,4
479,16,2024-11-24,Producto_9,Tecnología,44.85,21.91,5
479,16,2024-11-24,Producto_4,Tecnología,13.26,6.49,2
479,16,2024-11-24,Producto_15,Hogar,14.71,10.11,3
480,6,2024-12-28,Producto_2,Hogar,28.26,16.16,1
480,6,2024-12-28,Producto_1,Bebidas,7.38,4.14,4
481,44,2024-11-08,Producto_4,Tecnología,13.26,6.15,3
481,44,2024-11-08,Producto_12,Snacks,71.32,31.58,5
481,44,2024-11-08,Producto_14,Snacks,95.94,44.73,2
482,130,2024-04-18,Producto_2,Hogar,28.26,18.53,5
482,130,2024-04-18,Producto_3,Snacks,74.96,40.36,5
483,282,2024-12-18,Producto_5,Limpieza,8.02,3.81,1
484,102,2024-07-01,Producto_6,Bebidas,25.77,11.08,2
484,102,2024-07-01,Producto_15,Hogar,14.71,6.19,5
484,102,2024-07-01,Producto_3,Snacks,74.96,37.13,2
484,102,2024-07-01,Producto_11,Bebidas,77.09,38.43,4
485,157,2024-06-12,Producto_10,Limpieza,60.98,39.17,3
485,157,2024-06-12,Producto_15,Hogar,14.71,6.63,4
486,161,2024-03-09,Producto_13,Hogar,31.4,15.17,4
486,161,2024-03-09,Producto_4,Tecnología,13.26,5.84,3
487,170,2024-01-28,Producto_8,Tecnología,23.89,13.51,4
487,170,2024-01-28,Producto_15,Hogar,14.71,8.73,2
487,170,2024-01-28,Producto_6,Bebidas,25.77,16.82,1
487,170,2024-01-28,Producto_5,Limpieza,8.02,5.35,2
488,101,2024-02-07,Producto_12,Snacks,71.32,47.62,1
488,101,2024-02-07,Producto_11,Bebidas,77.09,45.44,5
488,101,2024-02-07,Producto_2,Hogar,28.26,16.21,5
489,109,2024-07-06,Producto_9,Tecnología,44.85,25.25,3
490,277,2024-08-05,Producto_11,Bebidas,77.09,36.0,4
490,277,2024-08-05,Producto_13,Hogar,31.4,19.47,5
490,277,2024-08-05,Producto_3,Snacks,74.96,32.99,3
490,277,2024-08-05,Producto_6,Bebidas,25.77,14.25,5
491,204,2024-11-11,Producto_9,Tecnología,44.85,29.35,2
491,204,2024-11-11,Producto_1,Bebidas,7.38,4.47,5
491,204,2024-11-11,Producto_11,Bebidas,77.09,34.08,5
492,82,2024-11-03,Producto_10,Limpieza,60.98,37.85,2
492,82,2024-11-03,Producto_15,Hogar,14.71,10.03,4
493,21,2024-03-19,Producto_13,Hogar,31.4,13.15,2
493,21,2024-03-19,Producto_8,Tecnología,23.89,11.23,3
494,106,2024-09-18,Producto_7,Tecnología,62.19,25.62,1
494,106,2024-09-18,Producto_8,Tecnología,23.89,10.3,3
494,106,2024-09-18,Producto_14,Snacks,95.94,56.61,5
495,141,2024-03-17,Producto_10,Limpieza,60.98,31.28,2
495,141,2024-03-17,Producto_9,Tecnología,44.85,22.86,4
495,141,2024-03-17,Producto_15,Hogar,14.71,8.16,1
496,193,2024-10-29,Producto_9,Tecnología,44.85,28.94,3
496,193,2024-10-29,Producto_7,Tecnología,62.19,33.96,3
497,247,2024-03-07,Producto_9,Tecnología,44.85,23.86,2
498,118,2024-08-17,Producto_9,Tecnología,44.85,20.79,3
499,96,2024-07-24,Producto_6,Bebidas,25.77,15.42,1
499,96,2024-07-24,Producto_10,Limpieza,60.98,39.23,4
500,59,2024-09-11,Producto_11,Bebidas,77.09,34.57,5
500,59,2024-09-11,Producto_8,Tecnología,23.89,9.72,4
500,59,2024-09-11,Producto_14,Snacks,95.94,42.06,1
500,59,2024-09-11,Producto_4,Tecnología,13.26,5.94,5
501,263,2024-07-05,Producto_15,Hogar,14.71,6.53,5
502,86,2024-12-08,Producto_15,Hogar,14.71,8.53,4
502,86,2024-12-08,Producto_3,Snacks,74.96,44.32,5
502,86,2024-12-08,Producto_9,Tecnología,44.85,30.69,3
503,111,2024-12-29,Producto_10,Limpieza,60.98,39.58,2
503,111,2024-12-29,Producto_8,Tecnología,23.89,10.58,5
503,111,2024-12-29,Producto_14,Snacks,95.94,61.99,5
503,111,2024-12-29,Producto_3,Snacks,74.96,44.0,2
504,262,2024-07-19,Producto_3,Snacks,74.96,50.73,3
504,262,2024-07-19,Producto_12,Snacks,71.32,41.16,5
504,262,2024-07-19,Producto_11,Bebidas,77.09,39.58,2
505,68,2024-05-18,Producto_1,Bebidas,7.38,4.11,2
506,259,2024-11-25,Producto_14,Snacks,95.94,52.07,2
506,259,2024-11-25,Producto_3,Snacks,74.96,43.47,5
506,259,2024-11-25,Producto_10,Limpieza,60.98,33.6,5
506,259,2024-11-25,Producto_2,Hogar,28.26,12.09,1
507,67,2024-07-20,Producto_15,Hogar,14.71,8.19,4
508,190,2024-10-13,Producto_12,Snacks,71.32,37.71,5
509,247,2024-02-27,Producto_6,Bebidas,25.77,11.06,5
509,247,2024-02-27,Producto_10,Limpieza,60.98,29.05,2
509,247,2024-02-27,Producto_13,Hogar,31.4,21.13,2
509,247,2024-02-27,Producto_12,Snacks,71.32,34.59,1
510,279,2024-07-14,Producto_5,Limpieza,8.02,4.6,1
510,279,2024-07-14,Producto_4,Tecnología,13.26,7.37,1
510,279,2024-07-14,Producto_1,Bebidas,7.38,4.4,4
510,279,2024-07-14,Producto_12,Snacks,71.32,37.28,3
511,55,2024-04-01,Producto_7,Tecnología,62.19,29.61,5
511,55,2024-04-01,Producto_11,Bebidas,77.09,40.63,5
512,188,2024-06-29,Producto_11,Bebidas,77.09,40.39,2
512,188,2024-06-29,Producto_7,Tecnología,62.19,33.88,5
512,188,2024-06-29,Producto_13,Hogar,31.4,17.83,3
513,248,2024-09-25,Producto_5,Limpieza,8.02,4.98,4
513,248,2024-09-25,Producto_10,Limpieza,60.98,38.07,1
513,248,2024-09-25,Producto_6,Bebidas,25.77,16.36,4
514,83,2024-08-20,Producto_4,Tecnología,13.26,6.9,5
515,174,2024-05-21,Producto_3,Snacks,74.96,51.68,4
516,3,2024-10-07,Producto_14,Snacks,95.94,51.95,2
517,223,2024-09-07,Producto_2,Hogar,28.26,13.18,3
518,41,2024-04-26,Producto_12,Snacks,71.32,48.44,4
519,206,2024-11-04,Producto_12,Snacks,71.32,42.23,2
519,206,2024-11-04,Producto_10,Limpieza,60.98,24.59,4
519,206,2024-11-04,Producto_1,Bebidas,7.38,3.59,5
520,18,2024-12-02,Producto_10,Limpieza,60.98,30.97,1
520,18,2024-12-02,Producto_3,Snacks,74.96,51.92,1
521,45,2024-07-04,Producto_13,Hogar,31.4,16.38,4
521,45,2024-07-04,Producto_7,Tecnología,62.19,34.54,2
521,45,2024-07-04,Producto_6,Bebidas,25.77,17.41,1
522,282,2024-02-07,Producto_12,Snacks,71.32,35.98,5
522,282,2024-02-07,Producto_14,Snacks,95.94,44.89,3
522,282,2024-02-07,Producto_9,Tecnología,44.85,24.06,2
523,207,2024-02-27,Producto_5,Limpieza,8.02,4.19,2
524,55,2024-07-25,Producto_9,Tecnología,44.85,22.51,3
525,60,2024-07-31,Producto_15,Hogar,14.71,6.99,5
525,60,2024-07-31,Producto_9,Tecnología,44.85,30.94,4
525,60,2024-07-31,Producto_13,Hogar,31.4,17.12,5
526,125,2024-10-16,Producto_13,Hogar,31.4,21.01,4
526,125,2024-10-16,Producto_8,Tecnología,23.89,13.01,1
526,125,2024-10-16,Producto_11,Bebidas,77.09,32.4,3
527,113,2024-07-26,Producto_13,Hogar,31.4,21.56,4
527,113,2024-07-26,Producto_6,Bebidas,25.77,14.45,5
528,135,2024-12-20,Producto_5,Limpieza,8.02,4.83,4
528,135,2024-12-20,Producto_2,Hogar,28.26,11.95,3
529,92,2024-10-28,Producto_6,Bebidas,25.77,11.72,3
529,92,2024-10-28,Producto_15,Hogar,14.71,8.09,2
529,92,2024-10-28,Producto_4,Tecnología,13.26,6.24,2
529,92,2024-10-28,Producto_10,Limpieza,60.98,40.36,2
530,106,2024-09-02,Producto_4,Tecnología,13.26,8.63,2
530,106,2024-09-02,Producto_14,Snacks,95.94,42.87,3
531,55,2024-10-03,Producto_15,Hogar,14.71,8.87,1
532,253,2024-04-27,Producto_13,Hogar,31.4,21.58,5
533,247,2024-06-20,Producto_10,Limpieza,60.98,40.29,5
533,247,2024-06-20,Producto_6,Bebidas,25.77,11.72,4
533,247,2024-06-20,Producto_8,Tecnología,23.89,11.56,5
534,114,2024-02-21,Producto_1,Bebidas,7.38,4.01,4
534,114,2024-02-21,Producto_9,Tecnología,44.85,18.38,5
535,178,2024-05-08,Producto_14,Snacks,95.94,66.48,4
535,178,2024-05-08,Producto_11,Bebidas,77.09,41.48,5
535,178,2024-05-08,Producto_13,Hogar,31.4,12.67,1
535,178,2024-05-08,Producto_3,Snacks,74.96,38.52,2
536,52,2024-01-04,Producto_6,Bebidas,25.77,14.55,2
536,52,2024-01-04,Producto_10,Limpieza,60.98,29.32,2
536,52,2024-01-04,Producto_5,Limpieza,8.02,4.03,5
537,95,2024-01-24,Producto_7,Tecnología,62.19,31.69,3
537,95,2024-01-24,Producto_4,Tecnología,13.26,6.42,4
537,95,2024-01-24,Producto_15,Hogar,14.71,8.41,2
537,95,2024-01-24,Producto_12,Snacks,71.32,43.21,5
538,52,2024-04-28,Producto_13,Hogar,31.4,20.63,4
538,52,2024-04-28,Producto_4,Tecnología,13.26,5.88,2
538,52,2024-04-28,Producto_9,Tecnología,44.85,24.3,2
539,5,2024-08-22,Producto_7,Tecnología,62.19,43.45,2
539,5,2024-08-22,Producto_8,Tecnología,23.89,13.38,5
540,162,2024-09-07,Producto_5,Limpieza,8.02,4.17,1
540,162,2024-09-07,Producto_15,Hogar,14.71,6.15,2
540,162,2024-09-07,Producto_9,Tecnología,44.85,24.35,3
540,162,2024-09-07,Producto_10,Limpieza,60.98,32.62,1
541,172,2024-12-23,Producto_6,Bebidas,25.77,17.51,5
541,172,2024-12-23,Producto_15,Hogar,14.71,7.4,3
541,172,2024-12-23,Producto_9,Tecnología,44.85,19.57,4
542,102,2024-01-26,Producto_13,Hogar,31.4,15.62,3
542,102,2024-01-26,Producto_5,Limpieza,8.02,4.38,5
543,229,2024-09-11,Producto_7,Tecnología,62.19,30.22,5
544,75,2024-01-23,Producto_11,Bebidas,77.09,40.59,3
544,75,2024-01-23,Producto_13,Hogar,31.4,17.94,5
545,37,2024-06-17,Producto_3,Snacks,74.96,35.12,3
546,163,2024-02-08,Producto_12,Snacks,71.32,34.33,4
546,163,2024-02-08,Producto_5,Limpieza,8.02,5.09,4
546,163,2024-02-08,Producto_10,Limpieza,60.98,38.07,3
547,267,2024-01-06,Producto_7,Tecnología,62.19,38.45,2
547,267,2024-01-06,Producto_3,Snacks,74.96,51.13,3
547,267,2024-01-06,Producto_14,Snacks,95.94,44.44,1
547,267,2024-01-06,Producto_1,Bebidas,7.38,3.18,4
548,33,2024-04-28,Producto_9,Tecnología,44.85,28.23,5
548,33,2024-04-28,Producto_1,Bebidas,7.38,3.18,1
548,33,2024-04-28,Producto_14,Snacks,95.94,42.85,5
548,33,2024-04-28,Producto_7,Tecnología,62.19,30.65,4
549,127,2024-12-21,Producto_8,Tecnología,23.89,13.33,2
549,127,2024-12-21,Producto_11,Bebidas,77.09,31.5,2
549,127,2024-12-21,Producto_3,Snacks,74.96,49.33,3
550,167,2024-05-02,Producto_8,Tecnología,23.89,12.74,5
550,167,2024-05-02,Producto_14,Snacks,95.94,43.47,5
550,167,2024-05-02,Producto_9,Tecnología,44.85,24.08,5
550,167,2024-05-02,Producto_5,Limpieza,8.02,4.25,5
551,274,2024-05-28,Producto_15,Hogar,14.71,6.89,5
551,274,2024-05-28,Producto_6,Bebidas,25.77,13.72,1
551,274,2024-05-28,Producto_8,Tecnología,23.89,12.51,3
552,80,2024-05-29,Producto_1,Bebidas,7.38,3.71,2
552,80,2024-05-29,Producto_15,Hogar,14.71,8.25,4
552,80,2024-05-29,Producto_9,Tecnología,44.85,30.68,4
553,245,2024-08-10,Producto_1,Bebidas,7.38,4.27,3
553,245,2024-08-10,Producto_13,Hogar,31.4,17.72,1
553,245,2024-08-10,Producto_7,Tecnología,62.19,32.56,2
554,288,2024-06-20,Producto_7,Tecnología,62.19,40.33,4
554,288,2024-06-20,Producto_4,Tecnología,13.26,6.35,2
554,288,2024-06-20,Producto_3,Snacks,74.96,44.05,4
554,288,2024-06-20,Producto_12,Snacks,71.32,44.89,5
555,140,2024-02-04,Producto_11,Bebidas,77.09,40.39,3
555,140,2024-02-04,Producto_12,Snacks,71.32,32.43,1
555,140,2024-02-04,Producto_9,Tecnología,44.85,19.42,3
556,234,2024-02-27,Producto_5,Limpieza,8.02,3.98,2
556,234,2024-02-27,Producto_12,Snacks,71.32,29.59,2
556,234,2024-02-27,Producto_10,Limpieza,60.98,24.8,5
556,234,2024-02-27,Producto_8,Tecnología,23.89,11.58,1
557,65,2024-06-21,Producto_12,Snacks,71.32,28.84,2
557,65,2024-06-21,Producto_1,Bebidas,7.38,3.71,2
557,65,2024-06-21,Producto_4,Tecnología,13.26,8.43,3
557,65,2024-06-21,Producto_2,Hogar,28.26,19.76,4
558,238,2024-06-17,Producto_6,Bebidas,25.77,16.83,1
559,75,2024-07-25,Producto_5,Limpieza,8.02,3.38,4
560,241,2024-07-31,Producto_4,Tecnología,13.26,8.56,3
560,241,2024-07-31,Producto_14,Snacks,95.94,41.89,1
561,128,2024-05-21,Producto_13,Hogar,31.4,14.44,1
561,128,2024-05-21,Producto_8,Tecnología,23.89,13.29,1
561,128,2024-05-21,Producto_4,Tecnología,13.26,7.18,2
561,128,2024-05-21,Producto_12,Snacks,71.32,48.56,3
562,82,2024-06-09,Producto_12,Snacks,71.32,39.67,5
563,130,2024-12-15,Producto_11,Bebidas,77.09,50.81,1
563,130,2024-12-15,Producto_5,Limpieza,8.02,5.55,2
563,130,2024-12-15,Producto_4,Tecnología,13.26,7.82,2
563,130,2024-12-15,Producto_6,Bebidas,25.77,10.42,3
564,142,2024-03-03,Producto_7,Tecnología,62.19,25.04,2
565,22,2024-07-23,Producto_12,Snacks,71.32,33.85,1
565,22,2024-07-23,Producto_10,Limpieza,60.98,26.06,4
565,22,2024-07-23,Producto_3,Snacks,74.96,37.59,5
565,22,2024-07-23,Producto_6,Bebidas,25.77,10.77,1
566,79,2024-12-27,Producto_3,Snacks,74.96,35.22,4
567,286,2024-02-24,Producto_13,Hogar,31.4,12.76,2
567,286,2024-02-24,Producto_8,Tecnología,23.89,12.12,4
567,286,2024-02-24,Producto_12,Snacks,71.32,33.89,2
568,21,2024-10-14,Producto_12,Snacks,71.32,43.44,5
568,21,2024-10-14,Producto_8,Tecnología,23.89,13.62,2
568,21,2024-10-14,Producto_9,Tecnología,44.85,22.62,5
568,21,2024-10-14,Producto_5,Limpieza,8.02,3.87,4
569,284,2024-03-09,Producto_2,Hogar,28.26,15.11,2
569,284,2024-03-09,Producto_9,Tecnología,44.85,25.23,3
570,233,2024-11-22,Producto_13,Hogar,31.4,16.13,5
571,95,2024-07-22,Producto_10,Limpieza,60.98,38.59,3
572,123,2024-03-26,Producto_12,Snacks,71.32,46.05,5
572,123,2024-03-26,Producto_2,Hogar,28.26,15.75,2
572,123,2024-03-26,Producto_11,Bebidas,77.09,48.55,4
573,79,2024-09-29,Producto_6,Bebidas,25.77,11.16,3
573,79,2024-09-29,Producto_7,Tecnología,62.19,37.17,5
573,79,2024-09-29,Producto_11,Bebidas,77.09,50.15,1
574,67,2024-07-21,Producto_14,Snacks,95.94,41.46,2
574,67,2024-07-21,Producto_1,Bebidas,7.38,3.17,2
575,293,2024-10-05,Producto_11,Bebidas,77.09,36.76,5
575,293,2024-10-05,Producto_8,Tecnología,23.89,11.14,3
575,293,2024-10-05,Producto_9,Tecnología,44.85,18.12,1
575,293,2024-10-05,Producto_10,Limpieza,60.98,36.39,2
576,41,2024-10-12,Producto_13,Hogar,31.4,19.56,5
576,41,2024-10-12,Producto_11,Bebidas,77.09,49.85,4
576,41,2024-10-12,Producto_1,Bebidas,7.38,4.78,1
576,41,2024-10-12,Producto_6,Bebidas,25.77,14.4,3
577,37,2024-09-19,Producto_2,Hogar,28.26,12.16,1
577,37,2024-09-19,Producto_4,Tecnología,13.26,7.42,2
577,37,2024-09-19,Producto_9,Tecnología,44.85,20.54,2
578,128,2024-02-25,Producto_9,Tecnología,44.85,23.53,5
578,128,2024-02-25,Producto_12,Snacks,71.32,44.92,1
579,296,2024-05-09,Producto_11,Bebidas,77.09,51.25,4
579,296,2024-05-09,Producto_8,Tecnología,23.89,15.24,2
579,296,2024-05-09,Producto_12,Snacks,71.32,37.12,5
580,173,2024-09-01,Producto_9,Tecnología,44.85,30.5,4
580,173,2024-09-01,Producto_10,Limpieza,60.98,34.46,3
581,167,2024-11-01,Producto_7,Tecnología,62.19,40.29,4
581,167,2024-11-01,Producto_13,Hogar,31.4,18.29,3
581,167,2024-11-01,Producto_11,Bebidas,77.09,43.45,5
582,193,2024-03-09,Producto_6,Bebidas,25.77,10.31,4
582,193,2024-03-09,Producto_8,Tecnología,23.89,16.6,1
582,193,2024-03-09,Producto_14,Snacks,95.94,38.85,5
583,70,2024-04-14,Producto_1,Bebidas,7.38,4.85,2
583,70,2024-04-14,Producto_5,Limpieza,8.02,5.06,1
583,70,2024-04-14,Producto_4,Tecnología,13.26,8.96,3
584,262,2024-01-23,Producto_2,Hogar,28.26,14.32,4
584,262,2024-01-23,Producto_1,Bebidas,7.38,3.54,2
585,299,2024-08-29,Producto_4,Tecnología,13.26,5.67,3
585,299,2024-08-29,Producto_5,Limpieza,8.02,4.58,4
586,112,2024-04-30,Producto_12,Snacks,71.32,45.49,3
587,89,2024-04-11,Producto_14,Snacks,95.94,55.51,1
587,89,2024-04-11,Producto_12,Snacks,71.32,29.33,3
587,89,2024-04-11,Producto_15,Hogar,14.71,7.57,5
587,89,2024-04-11,Producto_10,Limpieza,60.98,41.26,1
588,172,2024-08-11,Producto_15,Hogar,14.71,9.99,4
588,172,2024-08-11,Producto_14,Snacks,95.94,63.41,1
588,172,2024-08-11,Producto_7,Tecnología,62.19,38.83,2
589,6,2024-05-17,Producto_1,Bebidas,7.38,4.15,3
589,6,2024-05-17,Producto_5,Limpieza,8.02,3.99,2
589,6,2024-05-17,Producto_9,Tecnología,44.85,20.0,2
589,6,2024-05-17,Producto_15,Hogar,14.71,10.17,4
590,295,2024-06-09,Producto_4,Tecnología,13.26,6.46,4
591,202,2024-07-09,Producto_3,Snacks,74.96,40.69,1
591,202,2024-07-09,Producto_6,Bebidas,25.77,14.55,1
592,135,2024-10-22,Producto_7,Tecnología,62.19,32.98,5
593,67,2024-05-28,Producto_8,Tecnología,23.89,13.05,2
593,67,2024-05-28,Producto_9,Tecnología,44.85,20.58,5
594,269,2024-11-14,Producto_4,Tecnología,13.26,8.39,3
594,269,2024-11-14,Producto_2,Hogar,28.26,17.11,3
595,295,2024-07-31,Producto_2,Hogar,28.26,14.89,4
596,179,2024-03-28,Producto_6,Bebidas,25.77,15.37,5
596,179,2024-03-28,Producto_15,Hogar,14.71,6.63,3
597,180,2024-06-18,Producto_10,Limpieza,60.98,28.05,2
597,180,2024-06-18,Producto_3,Snacks,74.96,33.49,3
597,180,2024-06-18,Producto_8,Tecnología,23.89,10.36,1
597,180,2024-06-18,Producto_1,Bebidas,7.38,3.49,1
598,76,2024-08-11,Producto_1,Bebidas,7.38,3.63,1
598,76,2024-08-11,Producto_6,Bebidas,25.77,10.48,4
598,76,2024-08-11,Producto_12,Snacks,71.32,44.36,2
599,109,2024-01-13,Producto_9,Tecnología,44.85,25.32,3
599,109,2024-01-13,Producto_15,Hogar,14.71,9.11,5
600,73,2024-03-24,Producto_7,Tecnología,62.19,41.78,5
601,270,2024-09-28,Producto_5,Limpieza,8.02,3.35,2
602,103,2024-01-04,Producto_1,Bebidas,7.38,3.1,1
602,103,2024-01-04,Producto_8,Tecnología,23.89,14.31,3
602,103,2024-01-04,Producto_11,Bebidas,77.09,50.82,3
603,10,2024-08-27,Producto_14,Snacks,95.94,66.58,2
603,10,2024-08-27,Producto_11,Bebidas,77.09,53.42,5
603,10,2024-08-27,Producto_7,Tecnología,62.19,41.74,1
604,249,2024-03-16,Producto_3,Snacks,74.96,41.24,2
605,235,2024-02-14,Producto_1,Bebidas,7.38,4.99,2
606,157,2024-09-12,Producto_8,Tecnología,23.89,9.69,2
606,157,2024-09-12,Producto_7,Tecnología,62.19,31.51,3
606,157,2024-09-12,Producto_12,Snacks,71.32,33.58,3
607,257,2024-04-14,Producto_13,Hogar,31.4,20.84,3
607,257,2024-04-14,Producto_1,Bebidas,7.38,5.04,1
607,257,2024-04-14,Producto_11,Bebidas,77.09,36.05,3
608,175,2024-05-06,Producto_11,Bebidas,77.09,42.88,4
608,175,2024-05-06,Producto_3,Snacks,74.96,49.61,5
608,175,2024-05-06,Producto_2,Hogar,28.26,14.84,2
608,175,2024-05-06,Producto_12,Snacks,71.32,31.8,5
609,160,2024-01-01,Producto_8,Tecnología,23.89,14.23,2
609,160,2024-01-01,Producto_9,Tecnología,44.85,25.22,5
609,160,2024-01-01,Producto_3,Snacks,74.96,49.38,2
610,159,2024-04-24,Producto_7,Tecnología,62.19,37.12,2
610,159,2024-04-24,Producto_13,Hogar,31.4,21.2,5
611,163,2024-01-02,Producto_9,Tecnología,44.85,30.7,5
612,61,2024-04-19,Producto_6,Bebidas,25.77,15.93,2
612,61,2024-04-19,Producto_14,Snacks,95.94,63.71,3
613,212,2024-09-19,Producto_5,Limpieza,8.02,3.57,3
613,212,2024-09-19,Producto_8,Tecnología,23.89,10.32,2
613,212,2024-09-19,Producto_12,Snacks,71.32,29.09,2
613,212,2024-09-19,Producto_11,Bebidas,77.09,45.1,5
614,291,2024-06-07,Producto_10,Limpieza,60.98,36.97,2
614,291,2024-06-07,Producto_4,Tecnología,13.26,5.62,3
615,245,2024-07-04,Producto_9,Tecnología,44.85,24.25,5
615,245,2024-07-04,Producto_14,Snacks,95.94,43.67,3
616,199,2024-12-11,Producto_8,Tecnología,23.89,9.79,2
616,199,2024-12-11,Producto_3,Snacks,74.96,50.8,1
616,199,2024-12-11,Producto_14,Snacks,95.94,44.78,4
616,199,2024-12-11,Producto_4,Tecnología,13.26,8.32,2
617,34,2024-04-21,Producto_15,Hogar,14.71,8.05,5
617,34,2024-04-21,Producto_8,Tecnología,23.89,15.77,3
618,127,2024-12-20,Producto_7,Tecnología,62.19,38.31,4
618,127,2024-12-20,Producto_13,Hogar,31.4,18.32,4
618,127,2024-12-20,Producto_1,Bebidas,7.38,4.27,5
618,127,2024-12-20,Producto_10,Limpieza,60.98,36.13,5
619,20,2024-03-18,Producto_8,Tecnología,23.89,15.48,4
620,22,2024-06-14,Producto_9,Tecnología,44.85,31.18,4
620,22,2024-06-14,Producto_15,Hogar,14.71,8.35,1
621,265,2024-11-03,Producto_4,Tecnología,13.26,7.05,3
622,156,2024-05-04,Producto_8,Tecnología,23.89,13.95,3
622,156,2024-05-04,Producto_3,Snacks,74.96,45.5,1
622,156,2024-05-04,Producto_7,Tecnología,62.19,33.52,2
623,232,2024-02-25,Producto_12,Snacks,71.32,30.95,5
624,300,2024-04-10,Producto_7,Tecnología,62.19,33.29,3
624,300,2024-04-10,Producto_15,Hogar,14.71,7.89,2
625,104,2024-06-03,Producto_2,Hogar,28.26,17.39,2
625,104,2024-06-03,Producto_5,Limpieza,8.02,3.43,1
625,104,2024-06-03,Producto_6,Bebidas,25.77,15.21,4
625,104,2024-06-03,Producto_12,Snacks,71.32,39.74,1
626,197,2024-07-09,Producto_7,Tecnología,62.19,25.7,4
626,197,2024-07-09,Producto_9,Tecnología,44.85,30.21,2
627,290,2024-08-04,Producto_3,Snacks,74.96,34.01,2
627,290,2024-08-04,Producto_14,Snacks,95.94,50.45,1
628,159,2024-02-25,Producto_5,Limpieza,8.02,5.52,2
628,159,2024-02-25,Producto_11,Bebidas,77.09,45.23,1
628,159,2024-02-25,Producto_3,Snacks,74.96,30.26,3
628,159,2024-02-25,Producto_2,Hogar,28.26,18.56,4
629,279,2024-07-09,Producto_10,Limpieza,60.98,28.74,4
630,244,2024-11-16,Producto_7,Tecnología,62.19,25.0,5
630,244,2024-11-16,Producto_8,Tecnología,23.89,11.55,5
630,244,2024-11-16,Producto_2,Hogar,28.26,18.26,5
630,244,2024-11-16,Producto_10,Limpieza,60.98,25.29,2
631,76,2024-05-30,Producto_11,Bebidas,77.09,31.69,3
632,17,2024-10-23,Producto_6,Bebidas,25.77,13.53,1
632,17,2024-10-23,Producto_2,Hogar,28.26,12.67,2
632,17,2024-10-23,Producto_1,Bebidas,7.38,4.3,3
633,294,2024-10-21,Producto_8,Tecnología,23.89,12.14,5
633,294,2024-10-21,Producto_12,Snacks,71.32,30.52,1
634,154,2024-02-16,Producto_6,Bebidas,25.77,16.83,4
634,154,2024-02-16,Producto_7,Tecnología,62.19,30.34,1
634,154,2024-02-16,Producto_2,Hogar,28.26,12.34,2
635,141,2024-10-14,Producto_9,Tecnología,44.85,27.3,2
635,141,2024-10-14,Producto_7,Tecnología,62.19,25.96,5
635,141,2024-10-14,Producto_15,Hogar,14.71,9.1,5
636,271,2024-04-03,Producto_8,Tecnología,23.89,16.25,5
637,148,2024-10-21,Producto_10,Limpieza,60.98,34.91,5
637,148,2024-10-21,Producto_14,Snacks,95.94,48.56,5
637,148,2024-10-21,Producto_6,Bebidas,25.77,15.06,2
637,148,2024-10-21,Producto_5,Limpieza,8.02,4.46,4
638,255,2024-07-20,Producto_13,Hogar,31.4,21.78,3
638,255,2024-07-20,Producto_3,Snacks,74.96,32.64,1
638,255,2024-07-20,Producto_10,Limpieza,60.98,35.83,4
638,255,2024-07-20,Producto_4,Tecnología,13.26,8.24,1
639,107,2024-07-01,Producto_7,Tecnología,62.19,39.91,5
639,107,2024-07-01,Producto_1,Bebidas,7.38,2.98,2
639,107,2024-07-01,Producto_6,Bebidas,25.77,15.64,2
639,107,2024-07-01,Producto_13,Hogar,31.4,20.0,3
640,158,2024-04-30,Producto_9,Tecnología,44.85,19.47,1
640,158,2024-04-30,Producto_15,Hogar,14.71,7.39,3
640,158,2024-04-30,Producto_6,Bebidas,25.77,15.07,5
641,15,2024-03-08,Producto_4,Tecnología,13.26,8.97,3
641,15,2024-03-08,Producto_6,Bebidas,25.77,17.39,4
642,19,2024-01-09,Producto_8,Tecnología,23.89,15.95,4
642,19,2024-01-09,Producto_3,Snacks,74.96,50.13,5
643,237,2024-08-10,Producto_15,Hogar,14.71,8.38,3
643,237,2024-08-10,Producto_12,Snacks,71.32,40.41,3
643,237,2024-08-10,Producto_1,Bebidas,7.38,3.41,1
643,237,2024-08-10,Producto_9,Tecnología,44.85,28.7,3
644,182,2024-04-27,Producto_3,Snacks,74.96,48.89,3
645,174,2024-05-04,Producto_11,Bebidas,77.09,39.85,5
645,174,2024-05-04,Producto_9,Tecnología,44.85,19.51,5
645,174,2024-05-04,Producto_3,Snacks,74.96,45.84,3
645,174,2024-05-04,Producto_10,Limpieza,60.98,37.38,3
646,140,2024-09-11,Producto_2,Hogar,28.26,18.34,4
646,140,2024-09-11,Producto_8,Tecnología,23.89,11.11,3
646,140,2024-09-11,Producto_4,Tecnología,13.26,6.0,3
646,140,2024-09-11,Producto_6,Bebidas,25.77,16.38,3
647,104,2024-06-25,Producto_8,Tecnología,23.89,9.73,5
648,248,2024-02-17,Producto_4,Tecnología,13.26,8.22,4
648,248,2024-02-17,Producto_6,Bebidas,25.77,12.71,5
649,168,2024-08-28,Producto_13,Hogar,31.4,20.3,1
649,168,2024-08-28,Producto_14,Snacks,95.94,57.85,5
650,68,2024-01-13,Producto_12,Snacks,71.32,36.82,4
650,68,2024-01-13,Producto_1,Bebidas,7.38,3.21,5
651,160,2024-09-06,Producto_11,Bebidas,77.09,51.0,5
652,171,2024-11-13,Producto_15,Hogar,14.71,5.98,3
652,171,2024-11-13,Producto_1,Bebidas,7.38,4.37,3
652,171,2024-11-13,Producto_2,Hogar,28.26,14.02,2
652,171,2024-11-13,Producto_9,Tecnología,44.85,21.8,2
653,273,2024-06-10,Producto_13,Hogar,31.4,15.13,1
653,273,2024-06-10,Producto_8,Tecnología,23.89,11.52,2
653,273,2024-06-10,Producto_11,Bebidas,77.09,53.0,1
654,287,2024-11-30,Producto_4,Tecnología,13.26,6.7,5
655,164,2024-10-16,Producto_3,Snacks,74.96,42.89,3
655,164,2024-10-16,Producto_12,Snacks,71.32,30.05,2
655,164,2024-10-16,Producto_13,Hogar,31.4,20.96,5
656,277,2024-08-30,Producto_1,Bebidas,7.38,3.19,1
656,277,2024-08-30,Producto_3,Snacks,74.96,31.92,1
656,277,2024-08-30,Producto_15,Hogar,14.71,6.67,4
656,277,2024-08-30,Producto_8,Tecnología,23.89,15.94,5
657,229,2024-08-22,Producto_5,Limpieza,8.02,3.4,5
657,229,2024-08-22,Producto_6,Bebidas,25.77,14.7,4
657,229,2024-08-22,Producto_4,Tecnología,13.26,8.54,1
658,240,2024-02-27,Producto_8,Tecnología,23.89,14.46,3
659,239,2024-09-07,Producto_4,Tecnología,13.26,8.94,3
659,239,2024-09-07,Producto_15,Hogar,14.71,6.69,4
659,239,2024-09-07,Producto_3,Snacks,74.96,47.72,3
659,239,2024-09-07,Producto_10,Limpieza,60.98,32.68,3
660,16,2024-07-20,Producto_8,Tecnología,23.89,12.07,1
661,237,2024-04-03,Producto_5,Limpieza,8.02,4.66,3
661,237,2024-04-03,Producto_13,Hogar,31.4,17.34,2
662,208,2024-01-15,Producto_6,Bebidas,25.77,15.33,5
663,155,2024-10-25,Producto_7,Tecnología,62.19,29.42,5
663,155,2024-10-25,Producto_10,Limpieza,60.98,42.21,2
663,155,2024-10-25,Producto_15,Hogar,14.71,6.18,4
663,155,2024-10-25,Producto_4,Tecnología,13.26,8.54,2
664,221,2024-12-03,Producto_10,Limpieza,60.98,27.56,2
664,221,2024-12-03,Producto_13,Hogar,31.4,19.52,1
664,221,2024-12-03,Producto_6,Bebidas,25.77,16.78,5
664,221,2024-12-03,Producto_9,Tecnología,44.85,25.91,1
665,238,2024-06-12,Producto_9,Tecnología,44.85,22.08,2
665,238,2024-06-12,Producto_2,Hogar,28.26,11.89,4
665,238,2024-06-12,Producto_8,Tecnología,23.89,14.47,1
666,195,2024-07-28,Producto_8,Tecnología,23.89,10.2,1
666,195,2024-07-28,Producto_11,Bebidas,77.09,51.36,2
666,195,2024-07-28,Producto_14,Snacks,95.94,60.17,1
667,77,2024-09-08,Producto_9,Tecnología,44.85,23.96,5
667,77,2024-09-08,Producto_5,Limpieza,8.02,4.85,2
667,77,2024-09-08,Producto_7,Tecnología,62.19,30.47,3
667,77,2024-09-08,Producto_10,Limpieza,60.98,41.2,3
668,223,2024-07-08,Producto_2,Hogar,28.26,19.67,5
668,223,2024-07-08,Producto_10,Limpieza,60.98,39.9,4
668,223,2024-07-08,Producto_1,Bebidas,7.38,3.09,3
669,282,2024-07-25,Producto_1,Bebidas,7.38,4.77,5
670,184,2024-01-13,Producto_14,Snacks,95.94,63.29,3
671,121,2024-05-16,Producto_12,Snacks,71.32,43.76,3
671,121,2024-05-16,Producto_10,Limpieza,60.98,31.37,4
671,121,2024-05-16,Producto_7,Tecnología,62.19,28.82,5
671,121,2024-05-16,Producto_11,Bebidas,77.09,41.82,2
672,97,2024-09-19,Producto_14,Snacks,95.94,67.08,3
672,97,2024-09-19,Producto_6,Bebidas,25.77,11.35,2
672,97,2024-09-19,Producto_7,Tecnología,62.19,36.97,1
672,97,2024-09-19,Producto_3,Snacks,74.96,46.21,2
673,250,2024-02-10,Producto_3,Snacks,74.96,49.33,4
673,250,2024-02-10,Producto_2,Hogar,28.26,19.19,5
673,250,2024-02-10,Producto_15,Hogar,14.71,6.68,5
673,250,2024-02-10,Producto_11,Bebidas,77.09,40.64,5
674,231,2024-04-21,Producto_6,Bebidas,25.77,10.37,5
674,231,2024-04-21,Producto_4,Tecnología,13.26,8.67,4
674,231,2024-04-21,Producto_3,Snacks,74.96,46.0,2
674,231,2024-04-21,Producto_7,Tecnología,62.19,32.54,3
675,280,2024-04-15,Producto_1,Bebidas,7.38,4.51,4
675,280,2024-04-15,Producto_15,Hogar,14.71,8.44,1
675,280,2024-04-15,Producto_10,Limpieza,60.98,26.99,1
676,270,2024-10-31,Producto_8,Tecnología,23.89,15.93,5
676,270,2024-10-31,Producto_9,Tecnología,44.85,21.24,1
676,270,2024-10-31,Producto_2,Hogar,28.26,17.1,1
677,277,2024-12-01,Producto_10,Limpieza,60.98,38.63,5
677,277,2024-12-01,Producto_1,Bebidas,7.38,3.96,4
677,277,2024-12-01,Producto_6,Bebidas,25.77,14.75,4
678,170,2024-03-17,Producto_6,Bebidas,25.77,10.58,2
678,170,2024-03-17,Producto_13,Hogar,31.4,19.62,5
678,170,2024-03-17,Producto_5,Limpieza,8.02,3.83,5
678,170,2024-03-17,Producto_14,Snacks,95.94,55.02,4
679,294,2024-08-10,Producto_11,Bebidas,77.09,49.54,3
680,14,2024-03-14,Producto_8,Tecnología,23.89,10.11,5
680,14,2024-03-14,Producto_2,Hogar,28.26,13.44,3
680,14,2024-03-14,Producto_3,Snacks,74.96,36.3,5
681,132,2024-05-26,Producto_12,Snacks,71.32,41.45,1
682,78,2024-05-24,Producto_6,Bebidas,25.77,14.06,2
682,78,2024-05-24,Producto_13,Hogar,31.4,20.68,5
682,78,2024-05-24,Producto_3,Snacks,74.96,52.11,3
682,78,2024-05-24,Producto_5,Limpieza,8.02,4.64,2
683,79,2024-03-05,Producto_13,Hogar,31.4,18.78,2
683,79,2024-03-05,Producto_7,Tecnología,62.19,28.81,2
683,79,2024-03-05,Producto_15,Hogar,14.71,6.12,3
683,79,2024-03-05,Producto_14,Snacks,95.94,60.12,3
684,60,2024-08-21,Producto_3,Snacks,74.96,38.95,4
685,155,2024-10-28,Producto_12,Snacks,71.32,43.15,4
685,155,2024-10-28,Producto_13,Hogar,31.4,17.03,4
685,155,2024-10-28,Producto_9,Tecnología,44.85,25.08,2
685,155,2024-10-28,Producto_4,Tecnología,13.26,5.35,4
686,230,2024-09-21,Producto_11,Bebidas,77.09,33.09,1
686,230,2024-09-21,Producto_6,Bebidas,25.77,15.24,5
686,230,2024-09-21,Producto_9,Tecnología,44.85,26.15,4
686,230,2024-09-21,Producto_15,Hogar,14.71,7.36,3
687,137,2024-03-15,Producto_5,Limpieza,8.02,4.15,5
688,124,2024-02-17,Producto_9,Tecnología,44.85,22.16,2
688,124,2024-02-17,Producto_6,Bebidas,25.77,15.51,1
689,35,2024-11-22,Producto_7,Tecnología,62.19,34.68,1
690,229,2024-04-13,Producto_4,Tecnología,13.26,6.07,3
690,229,2024-04-13,Producto_12,Snacks,71.32,41.78,1
690,229,2024-04-13,Producto_5,Limpieza,8.02,5.47,1
691,112,2024-11-09,Producto_12,Snacks,71.32,30.38,1
692,67,2024-08-19,Producto_11,Bebidas,77.09,51.56,2
692,67,2024-08-19,Producto_13,Hogar,31.4,14.95,2
692,67,2024-08-19,Producto_15,Hogar,14.71,8.8,4
692,67,2024-08-19,Producto_10,Limpieza,60.98,36.08,1
693,142,2024-09-24,Producto_12,Snacks,71.32,31.99,3
693,142,2024-09-24,Producto_11,Bebidas,77.09,37.25,1
693,142,2024-09-24,Producto_13,Hogar,31.4,16.17,1
693,142,2024-09-24,Producto_6,Bebidas,25.77,18.01,3
694,133,2024-01-02,Producto_3,Snacks,74.96,52.01,4
694,133,2024-01-02,Producto_8,Tecnología,23.89,13.93,2
694,133,2024-01-02,Producto_2,Hogar,28.26,16.78,2
695,56,2024-07-02,Producto_9,Tecnología,44.85,20.88,4
695,56,2024-07-02,Producto_13,Hogar,31.4,21.16,1
696,133,2024-11-12,Producto_1,Bebidas,7.38,3.11,1
697,129,2024-08-04,Producto_1,Bebidas,7.38,5.02,1
697,129,2024-08-04,Producto_8,Tecnología,23.89,11.47,4
697,129,2024-08-04,Producto_3,Snacks,74.96,50.33,3
697,129,2024-08-04,Producto_11,Bebidas,77.09,30.92,5
698,252,2024-05-01,Producto_7,Tecnología,62.19,29.09,5
698,252,2024-05-01,Producto_15,Hogar,14.71,10.09,4
698,252,2024-05-01,Producto_12,Snacks,71.32,31.12,4
698,252,2024-05-01,Producto_2,Hogar,28.26,19.23,5
699,184,2024-03-20,Producto_11,Bebidas,77.09,45.46,1
699,184,2024-03-20,Producto_5,Limpieza,8.02,4.09,1
699,184,2024-03-20,Producto_7,Tecnología,62.19,26.38,3
700,236,2024-12-21,Producto_11,Bebidas,77.09,31.75,5
700,236,2024-12-21,Producto_4,Tecnología,13.26,7.93,4
700,236,2024-12-21,Producto_3,Snacks,74.96,45.63,3
701,55,2024-05-26,Producto_8,Tecnología,23.89,14.83,4
701,55,2024-05-26,Producto_2,Hogar,28.26,11.61,2
701,55,2024-05-26,Producto_11,Bebidas,77.09,47.48,1
702,123,2024-08-04,Producto_7,Tecnología,62.19,34.2,3
702,123,2024-08-04,Producto_2,Hogar,28.26,19.5,4
702,123,2024-08-04,Producto_13,Hogar,31.4,12.91,1
702,123,2024-08-04,Producto_9,Tecnología,44.85,22.48,1
703,22,2024-03-14,Producto_2,Hogar,28.26,15.19,5
703,22,2024-03-14,Producto_4,Tecnología,13.26,5.9,5
703,22,2024-03-14,Producto_13,Hogar,31.4,14.75,5
703,22,2024-03-14,Producto_11,Bebidas,77.09,31.69,1
704,73,2024-09-07,Producto_11,Bebidas,77.09,36.45,1
704,73,2024-09-07,Producto_1,Bebidas,7.38,2.98,2
704,73,2024-09-07,Producto_8,Tecnología,23.89,16.04,1
704,73,2024-09-07,Producto_10,Limpieza,60.98,32.74,1
705,88,2024-07-21,Producto_14,Snacks,95.94,41.66,1
706,113,2024-06-06,Producto_13,Hogar,31.4,16.57,2
707,206,2024-11-22,Producto_2,Hogar,28.26,12.47,5
707,206,2024-11-22,Producto_11,Bebidas,77.09,48.51,2
707,206,2024-11-22,Producto_10,Limpieza,60.98,27.57,5
708,33,2024-02-14,Producto_5,Limpieza,8.02,5.03,2
709,87,2024-04-04,Producto_9,Tecnología,44.85,30.39,2
709,87,2024-04-04,Producto_3,Snacks,74.96,32.98,1
709,87,2024-04-04,Producto_8,Tecnología,23.89,12.25,5
710,81,2024-05-07,Producto_15,Hogar,14.71,6.24,4
711,4,2024-09-17,Producto_15,Hogar,14.71,9.8,5
711,4,2024-09-17,Producto_2,Hogar,28.26,17.18,4
712,244,2024-10-23,Producto_4,Tecnología,13.26,7.38,3
712,244,2024-10-23,Producto_3,Snacks,74.96,35.36,4
713,90,2024-10-29,Producto_10,Limpieza,60.98,37.51,2
714,46,2024-11-24,Producto_6,Bebidas,25.77,12.13,5
714,46,2024-11-24,Producto_7,Tecnología,62.19,43.28,1
714,46,2024-11-24,Producto_1,Bebidas,7.38,4.32,1
715,277,2024-03-04,Producto_8,Tecnología,23.89,11.54,2
715,277,2024-03-04,Producto_13,Hogar,31.4,13.62,2
716,77,2024-04-25,Producto_8,Tecnología,23.89,9.94,1
716,77,2024-04-25,Producto_3,Snacks,74.96,36.39,3
716,77,2024-04-25,Producto_14,Snacks,95.94,45.61,4
716,77,2024-04-25,Producto_11,Bebidas,77.09,49.46,5
717,233,2024-12-12,Producto_2,Hogar,28.26,19.14,1
718,91,2024-02-20,Producto_13,Hogar,31.4,17.41,4
718,91,2024-02-20,Producto_1,Bebidas,7.38,4.93,1
719,228,2024-09-14,Producto_7,Tecnología,62.19,29.17,3
719,228,2024-09-14,Producto_4,Tecnología,13.26,6.6,1
719,228,2024-09-14,Producto_12,Snacks,71.32,33.6,1
720,212,2024-05-02,Producto_7,Tecnología,62.19,33.66,1
720,212,2024-05-02,Producto_4,Tecnología,13.26,5.52,4
721,224,2024-08-04,Producto_4,Tecnología,13.26,6.01,4
721,224,2024-08-04,Producto_10,Limpieza,60.98,26.89,3
722,100,2024-07-13,Producto_5,Limpieza,8.02,3.29,2
722,100,2024-07-13,Producto_4,Tecnología,13.26,5.54,5
722,100,2024-07-13,Producto_6,Bebidas,25.77,11.17,2
723,239,2024-07-04,Producto_7,Tecnología,62.19,41.41,2
723,239,2024-07-04,Producto_3,Snacks,74.96,33.51,5
723,239,2024-07-04,Producto_13,Hogar,31.4,21.09,5
723,239,2024-07-04,Producto_6,Bebidas,25.77,17.81,5
724,118,2024-06-06,Producto_7,Tecnología,62.19,34.0,5
725,111,2024-01-30,Producto_14,Snacks,95.94,59.56,4
725,111,2024-01-30,Producto_8,Tecnología,23.89,11.33,2
725,111,2024-01-30,Producto_5,Limpieza,8.02,4.6,4
725,111,2024-01-30,Producto_1,Bebidas,7.38,5.05,5
726,294,2024-10-04,Producto_7,Tecnología,62.19,25.62,1
727,241,2024-04-19,Producto_7,Tecnología,62.19,32.23,5
728,51,2024-02-26,Producto_8,Tecnología,23.89,14.52,1
728,51,2024-02-26,Producto_4,Tecnología,13.26,9.08,4
728,51,2024-02-26,Producto_2,Hogar,28.26,14.34,2
728,51,2024-02-26,Producto_9,Tecnología,44.85,26.65,2
729,47,2024-11-24,Producto_8,Tecnología,23.89,10.72,3
730,236,2024-02-25,Producto_8,Tecnología,23.89,15.09,4
731,208,2024-06-30,Producto_13,Hogar,31.4,18.46,3
731,208,2024-06-30,Producto_14,Snacks,95.94,63.14,1
732,37,2024-07-13,Producto_15,Hogar,14.71,7.19,1
732,37,2024-07-13,Producto_12,Snacks,71.32,43.46,3
732,37,2024-07-13,Producto_6,Bebidas,25.77,14.5,5
732,37,2024-07-13,Producto_9,Tecnología,44.85,28.54,2
733,42,2024-01-24,Producto_12,Snacks,71.32,47.53,3
733,42,2024-01-24,Producto_1,Bebidas,7.38,3.8,1
733,42,2024-01-24,Producto_9,Tecnología,44.85,26.27,4
734,188,2024-08-03,Producto_3,Snacks,74.96,42.59,1
734,188,2024-08-03,Producto_11,Bebidas,77.09,34.04,2
734,188,2024-08-03,Producto_9,Tecnología,44.85,21.15,3
735,59,2024-09-09,Producto_12,Snacks,71.32,44.64,2
735,59,2024-09-09,Producto_13,Hogar,31.4,15.58,2
735,59,2024-09-09,Producto_10,Limpieza,60.98,33.6,3
735,59,2024-09-09,Producto_15,Hogar,14.71,7.11,4
736,33,2024-07-05,Producto_6,Bebidas,25.77,14.38,5
736,33,2024-07-05,Producto_8,Tecnología,23.89,12.93,1
736,33,2024-07-05,Producto_14,Snacks,95.94,57.9,5
737,273,2024-03-21,Producto_8,Tecnología,23.89,10.91,1
737,273,2024-03-21,Producto_10,Limpieza,60.98,25.99,4
737,273,2024-03-21,Producto_6,Bebidas,25.77,17.25,4
738,148,2024-06-08,Producto_2,Hogar,28.26,13.64,2
739,76,2024-09-10,Producto_3,Snacks,74.96,36.58,1
739,76,2024-09-10,Producto_14,Snacks,95.94,65.19,5
739,76,2024-09-10,Producto_4,Tecnología,13.26,6.68,4
739,76,2024-09-10,Producto_9,Tecnología,44.85,27.87,4
740,11,2024-02-20,Producto_4,Tecnología,13.26,8.63,2
740,11,2024-02-20,Producto_2,Hogar,28.26,16.77,5
740,11,2024-02-20,Producto_1,Bebidas,7.38,4.23,4
741,168,2024-07-01,Producto_10,Limpieza,60.98,32.54,5
741,168,2024-07-01,Producto_11,Bebidas,77.09,43.95,3
741,168,2024-07-01,Producto_12,Snacks,71.32,32.2,3
741,168,2024-07-01,Producto_9,Tecnología,44.85,20.99,3
742,191,2024-11-06,Producto_13,Hogar,31.4,15.89,2
742,191,2024-11-06,Producto_14,Snacks,95.94,65.9,4
742,191,2024-11-06,Producto_1,Bebidas,7.38,5.0,5
743,275,2024-05-17,Producto_3,Snacks,74.96,33.61,2
743,275,2024-05-17,Producto_15,Hogar,14.71,6.07,1
743,275,2024-05-17,Producto_12,Snacks,71.32,40.82,3
744,226,2024-09-11,Producto_6,Bebidas,25.77,15.77,5
744,226,2024-09-11,Producto_3,Snacks,74.96,51.98,3
744,226,2024-09-11,Producto_4,Tecnología,13.26,6.79,2
745,277,2024-07-09,Producto_9,Tecnología,44.85,30.32,1
745,277,2024-07-09,Producto_5,Limpieza,8.02,5.45,4
746,75,2024-03-29,Producto_15,Hogar,14.71,10.19,5
746,75,2024-03-29,Producto_6,Bebidas,25.77,15.31,3
746,75,2024-03-29,Producto_3,Snacks,74.96,40.64,3
746,75,2024-03-29,Producto_1,Bebidas,7.38,5.1,3
747,294,2024-11-14,Producto_13,Hogar,31.4,15.75,4
747,294,2024-11-14,Producto_10,Limpieza,60.98,37.78,1
748,21,2024-11-22,Producto_11,Bebidas,77.09,37.96,1
748,21,2024-11-22,Producto_9,Tecnología,44.85,26.25,4
749,113,2024-09-29,Producto_6,Bebidas,25.77,15.27,5
749,113,2024-09-29,Producto_2,Hogar,28.26,15.77,5
749,113,2024-09-29,Producto_15,Hogar,14.71,6.75,3
749,113,2024-09-29,Producto_1,Bebidas,7.38,4.14,1
750,229,2024-08-06,Producto_9,Tecnología,44.85,20.56,4
751,163,2024-04-20,Producto_15,Hogar,14.71,7.64,3
752,219,2024-11-24,Producto_7,Tecnología,62.19,31.31,3
752,219,2024-11-24,Producto_6,Bebidas,25.77,17.87,3
752,219,2024-11-24,Producto_1,Bebidas,7.38,3.15,5
753,228,2024-10-21,Producto_13,Hogar,31.4,19.42,4
753,228,2024-10-21,Producto_8,Tecnología,23.89,10.56,4
753,228,2024-10-21,Producto_5,Limpieza,8.02,4.65,5
753,228,2024-10-21,Producto_3,Snacks,74.96,34.66,2
754,244,2024-07-15,Producto_2,Hogar,28.26,12.05,4
754,244,2024-07-15,Producto_10,Limpieza,60.98,36.08,4
754,244,2024-07-15,Producto_13,Hogar,31.4,16.46,3
755,285,2024-07-17,Producto_12,Snacks,71.32,32.51,2
755,285,2024-07-17,Producto_10,Limpieza,60.98,29.69,4
755,285,2024-07-17,Producto_13,Hogar,31.4,12.96,4
755,285,2024-07-17,Producto_3,Snacks,74.96,48.75,3
756,156,2024-12-30,Producto_9,Tecnología,44.85,28.59,1
756,156,2024-12-30,Producto_12,Snacks,71.32,34.15,2
756,156,2024-12-30,Producto_8,Tecnología,23.89,10.45,4
756,156,2024-12-30,Producto_4,Tecnología,13.26,6.96,3
757,252,2024-01-26,Producto_1,Bebidas,7.38,4.04,3
757,252,2024-01-26,Producto_2,Hogar,28.26,16.38,1
758,186,2024-05-24,Producto_10,Limpieza,60.98,42.22,4
758,186,2024-05-24,Producto_7,Tecnología,62.19,31.84,1
758,186,2024-05-24,Producto_5,Limpieza,8.02,3.25,5
758,186,2024-05-24,Producto_11,Bebidas,77.09,34.6,3
759,30,2024-12-26,Producto_6,Bebidas,25.77,13.07,2
759,30,2024-12-26,Producto_8,Tecnología,23.89,11.51,1
760,215,2024-02-15,Producto_1,Bebidas,7.38,4.37,5
760,215,2024-02-15,Producto_5,Limpieza,8.02,4.44,1
760,215,2024-02-15,Producto_14,Snacks,95.94,60.39,2
761,86,2024-06-25,Producto_14,Snacks,95.94,46.19,3
761,86,2024-06-25,Producto_6,Bebidas,25.77,11.05,3
761,86,2024-06-25,Producto_11,Bebidas,77.09,38.97,5
762,74,2024-05-09,Producto_3,Snacks,74.96,36.31,5
763,249,2024-04-29,Producto_6,Bebidas,25.77,14.2,2
763,249,2024-04-29,Producto_3,Snacks,74.96,47.86,2
763,249,2024-04-29,Producto_2,Hogar,28.26,16.5,5
763,249,2024-04-29,Producto_4,Tecnología,13.26,8.67,5
764,283,2024-09-26,Producto_7,Tecnología,62.19,41.97,4
765,60,2024-11-06,Producto_15,Hogar,14.71,7.42,4
765,60,2024-11-06,Producto_1,Bebidas,7.38,3.26,3
766,227,2024-08-15,Producto_3,Snacks,74.96,46.73,1
766,227,2024-08-15,Producto_12,Snacks,71.32,33.29,1
766,227,2024-08-15,Producto_5,Limpieza,8.02,4.86,2
767,158,2024-04-25,Producto_4,Tecnología,13.26,6.99,1
767,158,2024-04-25,Producto_3,Snacks,74.96,31.73,1
768,248,2024-10-30,Producto_1,Bebidas,7.38,4.27,5
768,248,2024-10-30,Producto_4,Tecnología,13.26,5.78,4
768,248,2024-10-30,Producto_2,Hogar,28.26,11.67,3
768,248,2024-10-30,Producto_15,Hogar,14.71,8.83,3
769,50,2024-03-24,Producto_15,Hogar,14.71,6.79,5
770,103,2024-05-23,Producto_11,Bebidas,77.09,32.94,1
770,103,2024-05-23,Producto_6,Bebidas,25.77,17.64,3
771,179,2024-08-10,Producto_3,Snacks,74.96,35.42,5
771,179,2024-08-10,Producto_14,Snacks,95.94,40.34,5
771,179,2024-08-10,Producto_9,Tecnología,44.85,28.21,5
772,271,2024-11-07,Producto_12,Snacks,71.32,32.2,3
772,271,2024-11-07,Producto_4,Tecnología,13.26,5.32,5
773,51,2024-04-29,Producto_15,Hogar,14.71,7.5,4
773,51,2024-04-29,Producto_9,Tecnología,44.85,20.43,5
774,55,2024-11-04,Producto_14,Snacks,95.94,50.58,4
774,55,2024-11-04,Producto_6,Bebidas,25.77,12.07,5
775,58,2024-04-13,Producto_2,Hogar,28.26,12.46,5
775,58,2024-04-13,Producto_8,Tecnología,23.89,14.61,3
775,58,2024-04-13,Producto_15,Hogar,14.71,9.07,5
776,43,2024-11-06,Producto_8,Tecnología,23.89,12.83,3
776,43,2024-11-06,Producto_2,Hogar,28.26,17.13,3
776,43,2024-11-06,Producto_7,Tecnología,62.19,29.09,4
777,209,2024-08-26,Producto_14,Snacks,95.94,64.13,1
777,209,2024-08-26,Producto_7,Tecnología,62.19,42.4,4
777,209,2024-08-26,Producto_4,Tecnología,13.26,6.02,3
778,252,2024-07-10,Producto_7,Tecnología,62.19,34.63,4
779,44,2024-12-07,Producto_3,Snacks,74.96,38.99,4
780,53,2024-03-31,Producto_2,Hogar,28.26,14.17,2
780,53,2024-03-31,Producto_6,Bebidas,25.77,16.83,5
781,207,2024-10-02,Producto_4,Tecnología,13.26,8.19,4
782,143,2024-12-10,Producto_13,Hogar,31.4,15.91,4
782,143,2024-12-10,Producto_15,Hogar,14.71,10.08,5
782,143,2024-12-10,Producto_14,Snacks,95.94,53.1,4
783,76,2024-06-25,Producto_2,Hogar,28.26,13.26,4
783,76,2024-06-25,Producto_15,Hogar,14.71,6.02,2
783,76,2024-06-25,Producto_5,Limpieza,8.02,5.21,1
783,76,2024-06-25,Producto_8,Tecnología,23.89,14.42,4
784,92,2024-11-12,Producto_10,Limpieza,60.98,35.77,3
784,92,2024-11-12,Producto_11,Bebidas,77.09,48.42,1
784,92,2024-11-12,Producto_6,Bebidas,25.77,16.24,5
784,92,2024-11-12,Producto_3,Snacks,74.96,34.53,4
785,255,2024-11-10,Producto_9,Tecnología,44.85,25.29,5
785,255,2024-11-10,Producto_5,Limpieza,8.02,5.59,1
785,255,2024-11-10,Producto_15,Hogar,14.71,7.58,1
785,255,2024-11-10,Producto_6,Bebidas,25.77,16.9,3
786,227,2024-08-03,Producto_1,Bebidas,7.38,4.91,3
786,227,2024-08-03,Producto_15,Hogar,14.71,8.05,2
786,227,2024-08-03,Producto_3,Snacks,74.96,37.01,2
786,227,2024-08-03,Producto_9,Tecnología,44.85,24.5,4
787,57,2024-12-01,Producto_11,Bebidas,77.09,41.7,5
787,57,2024-12-01,Producto_9,Tecnología,44.85,29.44,5
787,57,2024-12-01,Producto_15,Hogar,14.71,6.13,5
787,57,2024-12-01,Producto_14,Snacks,95.94,52.61,3
788,194,2024-05-08,Producto_13,Hogar,31.4,12.83,1
788,194,2024-05-08,Producto_5,Limpieza,8.02,3.52,1
788,194,2024-05-08,Producto_6,Bebidas,25.77,13.01,3
789,299,2024-02-10,Producto_13,Hogar,31.4,16.15,3
790,220,2024-10-15,Producto_6,Bebidas,25.77,15.42,1
790,220,2024-10-15,Producto_7,Tecnología,62.19,29.25,2
790,220,2024-10-15,Producto_15,Hogar,14.71,8.5,3
791,34,2024-07-20,Producto_2,Hogar,28.26,15.87,1
791,34,2024-07-20,Producto_6,Bebidas,25.77,13.87,1
791,34,2024-07-20,Producto_3,Snacks,74.96,42.76,4
792,216,2024-11-21,Producto_1,Bebidas,7.38,3.0,5
792,216,2024-11-21,Producto_12,Snacks,71.32,36.61,3
792,216,2024-11-21,Producto_8,Tecnología,23.89,11.87,4
793,51,2024-05-02,Producto_2,Hogar,28.26,15.52,3
793,51,2024-05-02,Producto_12,Snacks,71.32,32.09,3
793,51,2024-05-02,Producto_11,Bebidas,77.09,39.24,3
793,51,2024-05-02,Producto_4,Tecnología,13.26,6.11,4
794,39,2024-12-16,Producto_5,Limpieza,8.02,3.92,1
794,39,2024-12-16,Producto_15,Hogar,14.71,7.66,5
795,116,2024-04-11,Producto_12,Snacks,71.32,30.55,5
796,173,2024-11-12,Producto_2,Hogar,28.26,15.33,5
796,173,2024-11-12,Producto_10,Limpieza,60.98,30.75,2
796,173,2024-11-12,Producto_13,Hogar,31.4,18.7,1
797,155,2024-10-18,Producto_7,Tecnología,62.19,28.61,3
797,155,2024-10-18,Producto_11,Bebidas,77.09,36.65,4
797,155,2024-10-18,Producto_9,Tecnología,44.85,24.04,5
798,281,2024-11-12,Producto_15,Hogar,14.71,9.69,5
798,281,2024-11-12,Producto_1,Bebidas,7.38,4.06,5
799,240,2024-02-03,Producto_15,Hogar,14.71,9.65,5
799,240,2024-02-03,Producto_11,Bebidas,77.09,52.45,4
799,240,2024-02-03,Producto_9,Tecnología,44.85,24.97,1
800,187,2024-03-11,Producto_3,Snacks,74.96,48.97,3
800,187,2024-03-11,Producto_4,Tecnología,13.26,6.57,4
800,187,2024-03-11,Producto_15,Hogar,14.71,8.68,1
800,187,2024-03-11,Producto_12,Snacks,71.32,34.24,4
801,147,2024-04-10,Producto_5,Limpieza,8.02,3.78,5
801,147,2024-04-10,Producto_11,Bebidas,77.09,33.46,2
802,99,2024-11-29,Producto_4,Tecnología,13.26,7.15,3
803,287,2024-09-01,Producto_7,Tecnología,62.19,29.96,2
803,287,2024-09-01,Producto_11,Bebidas,77.09,36.81,1
803,287,2024-09-01,Producto_1,Bebidas,7.38,4.41,3
803,287,2024-09-01,Producto_4,Tecnología,13.26,7.87,2
804,22,2024-10-28,Producto_13,Hogar,31.4,18.23,3
804,22,2024-10-28,Producto_1,Bebidas,7.38,4.95,1
804,22,2024-10-28,Producto_14,Snacks,95.94,64.19,4
804,22,2024-10-28,Producto_2,Hogar,28.26,14.67,1
805,72,2024-09-20,Producto_2,Hogar,28.26,19.21,5
805,72,2024-09-20,Producto_10,Limpieza,60.98,36.54,5
806,298,2024-06-13,Producto_8,Tecnología,23.89,10.43,5
806,298,2024-06-13,Producto_2,Hogar,28.26,14.1,3
806,298,2024-06-13,Producto_4,Tecnología,13.26,8.24,5
807,121,2024-12-18,Producto_4,Tecnología,13.26,9.16,2
807,121,2024-12-18,Producto_3,Snacks,74.96,39.17,4
807,121,2024-12-18,Producto_2,Hogar,28.26,11.78,5
807,121,2024-12-18,Producto_14,Snacks,95.94,49.16,5
808,58,2024-04-20,Producto_9,Tecnología,44.85,30.9,2
808,58,2024-04-20,Producto_7,Tecnología,62.19,31.65,2
808,58,2024-04-20,Producto_8,Tecnología,23.89,15.44,3
809,11,2024-04-27,Producto_14,Snacks,95.94,58.26,1
810,123,2024-08-02,Producto_9,Tecnología,44.85,30.09,3
810,123,2024-08-02,Producto_7,Tecnología,62.19,34.86,1
810,123,2024-08-02,Producto_5,Limpieza,8.02,5.27,2
811,199,2024-07-28,Producto_15,Hogar,14.71,9.98,4
812,131,2024-02-07,Producto_2,Hogar,28.26,13.83,2
812,131,2024-02-07,Producto_14,Snacks,95.94,64.74,2
812,131,2024-02-07,Producto_13,Hogar,31.4,20.84,3
813,209,2024-03-02,Producto_5,Limpieza,8.02,5.19,1
814,252,2024-08-02,Producto_12,Snacks,71.32,47.29,4
814,252,2024-08-02,Producto_7,Tecnología,62.19,40.26,1
814,252,2024-08-02,Producto_6,Bebidas,25.77,14.22,3
814,252,2024-08-02,Producto_15,Hogar,14.71,7.74,3
815,281,2024-05-15,Producto_8,Tecnología,23.89,14.15,1
815,281,2024-05-15,Producto_12,Snacks,71.32,42.01,2
815,281,2024-05-15,Producto_1,Bebidas,7.38,2.96,2
816,103,2024-02-26,Producto_6,Bebidas,25.77,11.53,1
816,103,2024-02-26,Producto_10,Limpieza,60.98,37.45,5
816,103,2024-02-26,Producto_2,Hogar,28.26,18.48,2
817,211,2024-03-07,Producto_8,Tecnología,23.89,11.42,2
817,211,2024-03-07,Producto_15,Hogar,14.71,9.53,5
817,211,2024-03-07,Producto_12,Snacks,71.32,32.78,3
818,213,2024-06-15,Producto_3,Snacks,74.96,35.03,5
818,213,2024-06-15,Producto_7,Tecnología,62.19,42.1,1
818,213,2024-06-15,Producto_14,Snacks,95.94,56.41,5
819,46,2024-07-29,Producto_4,Tecnología,13.26,6.9,1
819,46,2024-07-29,Producto_5,Limpieza,8.02,4.65,4
819,46,2024-07-29,Producto_12,Snacks,71.32,30.43,2
819,46,2024-07-29,Producto_3,Snacks,74.96,33.81,3
820,291,2024-02-25,Producto_1,Bebidas,7.38,3.92,5
821,233,2024-06-14,Producto_2,Hogar,28.26,19.32,2
821,233,2024-06-14,Producto_4,Tecnología,13.26,6.45,3
821,233,2024-06-14,Producto_12,Snacks,71.32,36.7,4
821,233,2024-06-14,Producto_14,Snacks,95.94,63.02,4
822,111,2024-11-24,Producto_12,Snacks,71.32,32.39,4
822,111,2024-11-24,Producto_11,Bebidas,77.09,31.5,2
822,111,2024-11-24,Producto_4,Tecnología,13.26,6.24,3
823,231,2024-09-09,Producto_6,Bebidas,25.77,10.97,4
823,231,2024-09-09,Producto_10,Limpieza,60.98,26.83,4
824,166,2024-11-24,Producto_11,Bebidas,77.09,47.86,4
824,166,2024-11-24,Producto_4,Tecnología,13.26,5.59,3
824,166,2024-11-24,Producto_12,Snacks,71.32,29.79,5
824,166,2024-11-24,Producto_7,Tecnología,62.19,42.25,3
825,242,2024-04-29,Producto_10,Limpieza,60.98,37.37,5
825,242,2024-04-29,Producto_11,Bebidas,77.09,30.96,1
825,242,2024-04-29,Producto_13,Hogar,31.4,18.4,5
826,155,2024-05-27,Producto_11,Bebidas,77.09,44.26,1
826,155,2024-05-27,Producto_6,Bebidas,25.77,11.62,3
826,155,2024-05-27,Producto_3,Snacks,74.96,50.91,4
826,155,2024-05-27,Producto_9,Tecnología,44.85,19.71,4
827,163,2024-11-09,Producto_3,Snacks,74.96,51.99,1
827,163,2024-11-09,Producto_5,Limpieza,8.02,5.31,4
827,163,2024-11-09,Producto_2,Hogar,28.26,17.64,3
827,163,2024-11-09,Producto_6,Bebidas,25.77,12.5,4
828,135,2024-09-12,Producto_9,Tecnología,44.85,22.19,2
828,135,2024-09-12,Producto_6,Bebidas,25.77,16.21,4
828,135,2024-09-12,Producto_7,Tecnología,62.19,35.24,2
829,226,2024-12-12,Producto_4,Tecnología,13.26,5.52,2
830,94,2024-01-05,Producto_8,Tecnología,23.89,10.73,3
831,240,2024-01-11,Producto_2,Hogar,28.26,19.69,3
831,240,2024-01-11,Producto_8,Tecnología,23.89,13.03,5
831,240,2024-01-11,Producto_1,Bebidas,7.38,3.2,4
831,240,2024-01-11,Producto_14,Snacks,95.94,41.94,2
832,48,2024-10-21,Producto_14,Snacks,95.94,62.41,2
832,48,2024-10-21,Producto_5,Limpieza,8.02,5.19,5
833,289,2024-08-13,Producto_10,Limpieza,60.98,38.42,5
833,289,2024-08-13,Producto_1,Bebidas,7.38,3.87,2
834,40,2024-09-09,Producto_13,Hogar,31.4,20.92,1
834,40,2024-09-09,Producto_8,Tecnología,23.89,11.59,1
835,63,2024-09-14,Producto_6,Bebidas,25.77,10.53,2
835,63,2024-09-14,Producto_10,Limpieza,60.98,39.59,4
835,63,2024-09-14,Producto_2,Hogar,28.26,15.15,4
835,63,2024-09-14,Producto_15,Hogar,14.71,8.51,3
836,3,2024-07-31,Producto_1,Bebidas,7.38,3.67,4
836,3,2024-07-31,Producto_11,Bebidas,77.09,33.83,5
836,3,2024-07-31,Producto_10,Limpieza,60.98,39.06,1
837,145,2024-11-11,Producto_13,Hogar,31.4,17.71,1
837,145,2024-11-11,Producto_1,Bebidas,7.38,3.8,5
837,145,2024-11-11,Producto_12,Snacks,71.32,33.99,4
838,123,2024-02-11,Producto_2,Hogar,28.26,17.91,4
838,123,2024-02-11,Producto_1,Bebidas,7.38,4.38,3
838,123,2024-02-11,Producto_4,Tecnología,13.26,5.78,2
838,123,2024-02-11,Producto_3,Snacks,74.96,48.0,4
839,159,2024-07-17,Producto_6,Bebidas,25.77,16.74,1
839,159,2024-07-17,Producto_11,Bebidas,77.09,35.46,5
840,229,2024-10-12,Producto_8,Tecnología,23.89,10.2,4
840,229,2024-10-12,Producto_5,Limpieza,8.02,5.16,4
840,229,2024-10-12,Producto_10,Limpieza,60.98,27.8,5
840,229,2024-10-12,Producto_13,Hogar,31.4,13.44,4
841,263,2024-03-13,Producto_8,Tecnología,23.89,16.23,2
841,263,2024-03-13,Producto_11,Bebidas,77.09,45.4,5
841,263,2024-03-13,Producto_4,Tecnología,13.26,5.64,5
842,240,2024-03-08,Producto_2,Hogar,28.26,19.65,2
842,240,2024-03-08,Producto_13,Hogar,31.4,20.49,3
842,240,2024-03-08,Producto_8,Tecnología,23.89,12.62,5
842,240,2024-03-08,Producto_5,Limpieza,8.02,3.32,5
843,40,2024-04-25,Producto_9,Tecnología,44.85,24.81,1
844,212,2024-12-03,Producto_8,Tecnología,23.89,15.38,5
845,182,2024-10-30,Producto_10,Limpieza,60.98,24.69,5
845,182,2024-10-30,Producto_2,Hogar,28.26,12.83,4
845,182,2024-10-30,Producto_13,Hogar,31.4,20.5,2
846,24,2024-03-14,Producto_7,Tecnología,62.19,30.73,3
847,233,2024-05-15,Producto_10,Limpieza,60.98,28.25,2
847,233,2024-05-15,Producto_13,Hogar,31.4,19.6,1
847,233,2024-05-15,Producto_5,Limpieza,8.02,3.83,5
847,233,2024-05-15,Producto_6,Bebidas,25.77,13.66,1
848,10,2024-07-31,Producto_7,Tecnología,62.19,25.12,1
849,245,2024-12-11,Producto_12,Snacks,71.32,44.06,5
849,245,2024-12-11,Producto_7,Tecnología,62.19,36.42,3
849,245,2024-12-11,Producto_11,Bebidas,77.09,39.18,5
849,245,2024-12-11,Producto_15,Hogar,14.71,9.43,4
850,45,2024-06-14,Producto_3,Snacks,74.96,32.5,2
850,45,2024-06-14,Producto_1,Bebidas,7.38,4.49,1
851,97,2024-10-02,Producto_4,Tecnología,13.26,7.88,4
852,124,2024-02-13,Producto_14,Snacks,95.94,40.85,2
852,124,2024-02-13,Producto_11,Bebidas,77.09,34.26,4
852,124,2024-02-13,Producto_13,Hogar,31.4,12.77,4
852,124,2024-02-13,Producto_9,Tecnología,44.85,30.08,2
853,228,2024-08-30,Producto_8,Tecnología,23.89,11.0,2
853,228,2024-08-30,Producto_1,Bebidas,7.38,4.79,5
853,228,2024-08-30,Producto_15,Hogar,14.71,6.11,4
853,228,2024-08-30,Producto_10,Limpieza,60.98,26.27,1
854,222,2024-05-04,Producto_14,Snacks,95.94,59.42,5
854,222,2024-05-04,Producto_8,Tecnología,23.89,9.82,3
854,222,2024-05-04,Producto_12,Snacks,71.32,38.93,4
854,222,2024-05-04,Producto_10,Limpieza,60.98,37.65,5
855,250,2024-12-21,Producto_12,Snacks,71.32,28.93,5
855,250,2024-12-21,Producto_1,Bebidas,7.38,3.65,5
856,33,2024-07-28,Producto_15,Hogar,14.71,6.4,4
856,33,2024-07-28,Producto_11,Bebidas,77.09,52.55,5
856,33,2024-07-28,Producto_7,Tecnología,62.19,33.24,3
857,224,2024-07-19,Producto_3,Snacks,74.96,46.31,3
858,241,2024-09-26,Producto_8,Tecnología,23.89,13.77,2
858,241,2024-09-26,Producto_4,Tecnología,13.26,8.97,3
858,241,2024-09-26,Producto_9,Tecnología,44.85,19.7,4
859,151,2024-08-22,Producto_7,Tecnología,62.19,39.73,3
859,151,2024-08-22,Producto_14,Snacks,95.94,56.27,2
859,151,2024-08-22,Producto_11,Bebidas,77.09,46.81,3
859,151,2024-08-22,Producto_13,Hogar,31.4,18.84,1
860,67,2024-12-17,Producto_4,Tecnología,13.26,7.26,5
860,67,2024-12-17,Producto_3,Snacks,74.96,51.19,4
861,253,2024-03-15,Producto_4,Tecnología,13.26,9.28,1
861,253,2024-03-15,Producto_15,Hogar,14.71,9.77,3
861,253,2024-03-15,Producto_9,Tecnología,44.85,27.05,3
862,90,2024-10-25,Producto_13,Hogar,31.4,15.74,1
863,59,2024-03-19,Producto_2,Hogar,28.26,15.43,2
863,59,2024-03-19,Producto_9,Tecnología,44.85,28.5,3
864,24,2024-03-06,Producto_15,Hogar,14.71,8.55,5
864,24,2024-03-06,Producto_3,Snacks,74.96,45.87,1
864,24,2024-03-06,Producto_12,Snacks,71.32,45.62,4
865,57,2024-12-02,Producto_13,Hogar,31.4,18.3,5
866,53,2024-10-19,Producto_9,Tecnología,44.85,20.19,1
867,61,2024-04-14,Producto_15,Hogar,14.71,9.1,2
867,61,2024-04-14,Producto_6,Bebidas,25.77,16.2,4
868,256,2024-09-26,Producto_3,Snacks,74.96,37.51,3
869,71,2024-12-16,Producto_14,Snacks,95.94,51.01,2
870,213,2024-04-09,Producto_4,Tecnología,13.26,6.66,4
871,259,2024-04-13,Producto_2,Hogar,28.26,17.37,3
871,259,2024-04-13,Producto_5,Limpieza,8.02,4.08,4
872,126,2024-10-25,Producto_13,Hogar,31.4,16.53,5
872,126,2024-10-25,Producto_15,Hogar,14.71,6.49,2
873,220,2024-02-17,Producto_15,Hogar,14.71,10.05,3
873,220,2024-02-17,Producto_7,Tecnología,62.19,27.59,4
873,220,2024-02-17,Producto_8,Tecnología,23.89,14.7,1
873,220,2024-02-17,Producto_9,Tecnología,44.85,30.64,5
874,44,2024-01-30,Producto_6,Bebidas,25.77,13.66,2
874,44,2024-01-30,Producto_7,Tecnología,62.19,39.04,4
874,44,2024-01-30,Producto_13,Hogar,31.4,21.06,2
875,30,2024-01-12,Producto_7,Tecnología,62.19,41.17,5
875,30,2024-01-12,Producto_15,Hogar,14.71,9.9,3
875,30,2024-01-12,Producto_11,Bebidas,77.09,49.96,1
876,271,2024-07-23,Producto_12,Snacks,71.32,42.3,4
876,271,2024-07-23,Producto_7,Tecnología,62.19,36.52,5
877,227,2024-05-03,Producto_15,Hogar,14.71,9.31,4
877,227,2024-05-03,Producto_13,Hogar,31.4,13.35,3
877,227,2024-05-03,Producto_14,Snacks,95.94,48.0,5
878,65,2024-01-31,Producto_4,Tecnología,13.26,6.55,5
878,65,2024-01-31,Producto_2,Hogar,28.26,17.72,3
878,65,2024-01-31,Producto_9,Tecnología,44.85,18.26,2
879,277,2024-06-30,Producto_4,Tecnología,13.26,8.19,3
879,277,2024-06-30,Producto_14,Snacks,95.94,41.55,5
879,277,2024-06-30,Producto_13,Hogar,31.4,20.49,1
880,133,2024-05-03,Producto_2,Hogar,28.26,15.11,1
880,133,2024-05-03,Producto_1,Bebidas,7.38,4.58,5
880,133,2024-05-03,Producto_13,Hogar,31.4,15.75,4
881,121,2024-05-08,Producto_6,Bebidas,25.77,15.46,3
881,121,2024-05-08,Producto_5,Limpieza,8.02,4.83,5
882,194,2024-02-22,Producto_2,Hogar,28.26,16.24,5
882,194,2024-02-22,Producto_6,Bebidas,25.77,13.82,3
883,76,2024-06-03,Producto_14,Snacks,95.94,50.61,1
883,76,2024-06-03,Producto_7,Tecnología,62.19,33.76,2
883,76,2024-06-03,Producto_2,Hogar,28.26,11.97,4
883,76,2024-06-03,Producto_13,Hogar,31.4,16.35,5
884,287,2024-10-25,Producto_14,Snacks,95.94,67.06,4
884,287,2024-10-25,Producto_5,Limpieza,8.02,4.97,4
884,287,2024-10-25,Producto_10,Limpieza,60.98,39.46,4
884,287,2024-10-25,Producto_8,Tecnología,23.89,13.18,2
885,249,2024-12-12,Producto_3,Snacks,74.96,45.6,1
885,249,2024-12-12,Producto_12,Snacks,71.32,38.66,4
885,249,2024-12-12,Producto_9,Tecnología,44.85,30.64,2
885,249,2024-12-12,Producto_13,Hogar,31.4,21.24,3
886,61,2024-10-17,Producto_2,Hogar,28.26,11.65,3
886,61,2024-10-17,Producto_15,Hogar,14.71,6.4,2
886,61,2024-10-17,Producto_6,Bebidas,25.77,17.97,3
886,61,2024-10-17,Producto_10,Limpieza,60.98,29.77,3
887,15,2024-05-12,Producto_3,Snacks,74.96,39.47,5
887,15,2024-05-12,Producto_13,Hogar,31.4,20.93,3
888,111,2024-11-17,Producto_14,Snacks,95.94,38.44,4
888,111,2024-11-17,Producto_12,Snacks,71.32,35.99,5
889,23,2024-09-08,Producto_8,Tecnología,23.89,16.01,4
889,23,2024-09-08,Producto_10,Limpieza,60.98,33.09,4
889,23,2024-09-08,Producto_5,Limpieza,8.02,3.53,5
889,23,2024-09-08,Producto_14,Snacks,95.94,52.9,2
890,236,2024-01-07,Producto_11,Bebidas,77.09,32.9,3
890,236,2024-01-07,Producto_8,Tecnología,23.89,14.32,5
890,236,2024-01-07,Producto_3,Snacks,74.96,38.69,4
890,236,2024-01-07,Producto_12,Snacks,71.32,35.78,4
891,24,2024-01-14,Producto_12,Snacks,71.32,43.66,2
891,24,2024-01-14,Producto_5,Limpieza,8.02,4.72,5
891,24,2024-01-14,Producto_11,Bebidas,77.09,43.81,3
891,24,2024-01-14,Producto_2,Hogar,28.26,16.76,1
892,44,2024-04-17,Producto_10,Limpieza,60.98,38.25,5
892,44,2024-04-17,Producto_9,Tecnología,44.85,24.96,5
893,244,2024-02-11,Producto_2,Hogar,28.26,12.83,5
894,10,2024-02-16,Producto_13,Hogar,31.4,16.74,5
894,10,2024-02-16,Producto_4,Tecnología,13.26,7.72,5
894,10,2024-02-16,Producto_14,Snacks,95.94,55.33,4
895,252,2024-05-17,Producto_6,Bebidas,25.77,11.7,4
896,13,2024-12-26,Producto_7,Tecnología,62.19,43.16,1
896,13,2024-12-26,Producto_5,Limpieza,8.02,3.61,5
896,13,2024-12-26,Producto_2,Hogar,28.26,12.85,2
897,46,2024-05-14,Producto_5,Limpieza,8.02,3.35,2
897,46,2024-05-14,Producto_7,Tecnología,62.19,28.26,3
898,30,2024-08-22,Producto_7,Tecnología,62.19,32.58,2
898,30,2024-08-22,Producto_2,Hogar,28.26,13.49,3
898,30,2024-08-22,Producto_6,Bebidas,25.77,10.71,1
899,123,2024-03-27,Producto_8,Tecnología,23.89,12.32,5
899,123,2024-03-27,Producto_9,Tecnología,44.85,21.56,1
900,163,2024-04-21,Producto_9,Tecnología,44.85,23.42,1
900,163,2024-04-21,Producto_7,Tecnología,62.19,41.92,2
900,163,2024-04-21,Producto_2,Hogar,28.26,13.59,1
900,163,2024-04-21,Producto_8,Tecnología,23.89,14.39,5
901,127,2024-07-18,Producto_5,Limpieza,8.02,4.28,4
901,127,2024-07-18,Producto_10,Limpieza,60.98,28.11,5
902,73,2024-01-25,Producto_9,Tecnología,44.85,25.17,2
902,73,2024-01-25,Producto_3,Snacks,74.96,51.6,4
902,73,2024-01-25,Producto_13,Hogar,31.4,16.82,5
903,1,2024-03-01,Producto_14,Snacks,95.94,38.39,2
903,1,2024-03-01,Producto_10,Limpieza,60.98,29.39,4
903,1,2024-03-01,Producto_5,Limpieza,8.02,5.23,3
903,1,2024-03-01,Producto_11,Bebidas,77.09,53.95,4
904,109,2024-06-11,Producto_1,Bebidas,7.38,4.2,5
904,109,2024-06-11,Producto_3,Snacks,74.96,32.0,3
904,109,2024-06-11,Producto_12,Snacks,71.32,46.3,1
905,285,2024-08-07,Producto_15,Hogar,14.71,8.11,5
905,285,2024-08-07,Producto_7,Tecnología,62.19,41.37,3
905,285,2024-08-07,Producto_4,Tecnología,13.26,7.83,3
906,232,2024-09-13,Producto_4,Tecnología,13.26,6.14,3
906,232,2024-09-13,Producto_11,Bebidas,77.09,38.43,5
906,232,2024-09-13,Producto_6,Bebidas,25.77,15.31,2
907,2,2024-01-25,Producto_1,Bebidas,7.38,4.18,4
907,2,2024-01-25,Producto_15,Hogar,14.71,9.25,4
907,2,2024-01-25,Producto_11,Bebidas,77.09,32.71,5
907,2,2024-01-25,Producto_3,Snacks,74.96,42.1,1
908,228,2024-07-15,Producto_6,Bebidas,25.77,16.71,4
909,184,2024-10-25,Producto_3,Snacks,74.96,32.79,1
909,184,2024-10-25,Producto_14,Snacks,95.94,65.32,3
909,184,2024-10-25,Producto_13,Hogar,31.4,12.65,4
909,184,2024-10-25,Producto_12,Snacks,71.32,44.76,1
910,184,2024-07-17,Producto_2,Hogar,28.26,16.6,5
910,184,2024-07-17,Producto_14,Snacks,95.94,45.12,2
911,253,2024-12-10,Producto_1,Bebidas,7.38,3.41,5
911,253,2024-12-10,Producto_5,Limpieza,8.02,5.58,2
911,253,2024-12-10,Producto_8,Tecnología,23.89,10.35,4
912,143,2024-07-19,Producto_3,Snacks,74.96,45.1,5
912,143,2024-07-19,Producto_9,Tecnología,44.85,25.54,5
912,143,2024-07-19,Producto_4,Tecnología,13.26,7.64,1
912,143,2024-07-19,Producto_11,Bebidas,77.09,33.78,1
913,292,2024-07-14,Producto_15,Hogar,14.71,6.73,3
913,292,2024-07-14,Producto_9,Tecnología,44.85,31.29,1
914,273,2024-04-08,Producto_11,Bebidas,77.09,52.53,1
914,273,2024-04-08,Producto_9,Tecnología,44.85,29.43,1
914,273,2024-04-08,Producto_8,Tecnología,23.89,12.66,3
915,209,2024-07-31,Producto_2,Hogar,28.26,15.51,4
915,209,2024-07-31,Producto_11,Bebidas,77.09,48.39,5
915,209,2024-07-31,Producto_9,Tecnología,44.85,18.57,2
916,216,2024-03-16,Producto_6,Bebidas,25.77,10.94,3
916,216,2024-03-16,Producto_1,Bebidas,7.38,4.74,5
916,216,2024-03-16,Producto_7,Tecnología,62.19,43.12,2
916,216,2024-03-16,Producto_4,Tecnología,13.26,9.11,4
917,128,2024-06-16,Producto_3,Snacks,74.96,31.4,3
917,128,2024-06-16,Producto_6,Bebidas,25.77,10.52,1
918,222,2024-12-02,Producto_10,Limpieza,60.98,39.77,3
919,127,2024-12-15,Producto_8,Tecnología,23.89,16.43,2
920,28,2024-01-25,Producto_9,Tecnología,44.85,28.38,1
920,28,2024-01-25,Producto_13,Hogar,31.4,16.69,5
920,28,2024-01-25,Producto_4,Tecnología,13.26,7.79,1
921,297,2024-11-28,Producto_2,Hogar,28.26,19.08,1
922,194,2024-10-07,Producto_15,Hogar,14.71,9.34,1
922,194,2024-10-07,Producto_14,Snacks,95.94,64.83,1
922,194,2024-10-07,Producto_12,Snacks,71.32,29.7,4
923,222,2024-12-10,Producto_2,Hogar,28.26,16.05,1
924,151,2024-01-13,Producto_7,Tecnología,62.19,41.01,2
924,151,2024-01-13,Producto_2,Hogar,28.26,11.39,5
924,151,2024-01-13,Producto_10,Limpieza,60.98,32.88,4
924,151,2024-01-13,Producto_15,Hogar,14.71,9.77,4
925,52,2024-09-17,Producto_11,Bebidas,77.09,41.34,1
925,52,2024-09-17,Producto_15,Hogar,14.71,8.48,3
925,52,2024-09-17,Producto_13,Hogar,31.4,13.53,1
926,35,2024-05-08,Producto_15,Hogar,14.71,8.7,2
926,35,2024-05-08,Producto_10,Limpieza,60.98,30.89,3
927,247,2024-07-18,Producto_3,Snacks,74.96,32.86,1
927,247,2024-07-18,Producto_4,Tecnología,13.26,7.04,5
927,247,2024-07-18,Producto_15,Hogar,14.71,7.26,3
927,247,2024-07-18,Producto_1,Bebidas,7.38,4.67,5
928,76,2024-03-06,Producto_5,Limpieza,8.02,5.54,3
928,76,2024-03-06,Producto_10,Limpieza,60.98,35.12,5
928,76,2024-03-06,Producto_6,Bebidas,25.77,10.75,2
928,76,2024-03-06,Producto_15,Hogar,14.71,9.5,5
929,287,2024-06-06,Producto_7,Tecnología,62.19,28.52,3
930,103,2024-04-05,Producto_13,Hogar,31.4,14.34,3
930,103,2024-04-05,Producto_2,Hogar,28.26,17.19,4
931,240,2024-03-12,Producto_14,Snacks,95.94,56.11,3
931,240,2024-03-12,Producto_10,Limpieza,60.98,30.4,4
931,240,2024-03-12,Producto_15,Hogar,14.71,7.89,1
932,22,2024-10-29,Producto_4,Tecnología,13.26,7.16,2
932,22,2024-10-29,Producto_1,Bebidas,7.38,3.48,2
932,22,2024-10-29,Producto_11,Bebidas,77.09,49.51,3
932,22,2024-10-29,Producto_15,Hogar,14.71,6.79,4
933,95,2024-09-01,Producto_6,Bebidas,25.77,10.88,1
934,16,2024-11-04,Producto_3,Snacks,74.96,39.89,3
935,300,2024-09-16,Producto_1,Bebidas,7.38,3.58,2
935,300,2024-09-16,Producto_15,Hogar,14.71,9.79,2
935,300,2024-09-16,Producto_4,Tecnología,13.26,6.66,2
936,284,2024-03-29,Producto_3,Snacks,74.96,33.94,1
936,284,2024-03-29,Producto_4,Tecnología,13.26,8.93,3
937,11,2024-01-19,Producto_7,Tecnología,62.19,31.19,1
937,11,2024-01-19,Producto_11,Bebidas,77.09,37.89,2
938,123,2024-03-08,Producto_13,Hogar,31.4,21.43,2
938,123,2024-03-08,Producto_6,Bebidas,25.77,17.12,5
938,123,2024-03-08,Producto_11,Bebidas,77.09,33.58,1
939,67,2024-01-31,Producto_4,Tecnología,13.26,8.07,4
939,67,2024-01-31,Producto_9,Tecnología,44.85,26.01,3
940,126,2024-10-19,Producto_13,Hogar,31.4,18.09,5
941,275,2024-11-19,Producto_13,Hogar,31.4,13.06,2
941,275,2024-11-19,Producto_3,Snacks,74.96,49.61,3
941,275,2024-11-19,Producto_6,Bebidas,25.77,17.79,5
942,251,2024-05-23,Producto_12,Snacks,71.32,45.45,4
942,251,2024-05-23,Producto_2,Hogar,28.26,11.85,5
943,261,2024-11-14,Producto_13,Hogar,31.4,17.26,3
943,261,2024-11-14,Producto_11,Bebidas,77.09,34.98,4
943,261,2024-11-14,Producto_15,Hogar,14.71,8.2,3
943,261,2024-11-14,Producto_9,Tecnología,44.85,27.57,4
944,254,2024-04-24,Producto_5,Limpieza,8.02,4.77,5
944,254,2024-04-24,Producto_10,Limpieza,60.98,28.41,2
944,254,2024-04-24,Producto_7,Tecnología,62.19,33.31,2
944,254,2024-04-24,Producto_11,Bebidas,77.09,39.99,2
945,157,2024-10-11,Producto_15,Hogar,14.71,7.01,3
945,157,2024-10-11,Producto_7,Tecnología,62.19,27.38,1
945,157,2024-10-11,Producto_10,Limpieza,60.98,29.79,1
945,157,2024-10-11,Producto_3,Snacks,74.96,37.89,5
946,299,2024-12-24,Producto_8,Tecnología,23.89,14.01,5
947,219,2024-03-31,Producto_8,Tecnología,23.89,11.83,4
947,219,2024-03-31,Producto_7,Tecnología,62.19,25.34,4
947,219,2024-03-31,Producto_14,Snacks,95.94,45.1,4
947,219,2024-03-31,Producto_6,Bebidas,25.77,13.08,1
948,43,2024-12-11,Producto_14,Snacks,95.94,56.9,5
948,43,2024-12-11,Producto_9,Tecnología,44.85,30.41,3
948,43,2024-12-11,Producto_15,Hogar,14.71,6.41,1
949,185,2024-01-03,Producto_9,Tecnología,44.85,22.43,2
950,169,2024-11-01,Producto_5,Limpieza,8.02,3.67,3
950,169,2024-11-01,Producto_12,Snacks,71.32,49.88,5
950,169,2024-11-01,Producto_13,Hogar,31.4,21.15,5
951,5,2024-12-14,Producto_5,Limpieza,8.02,5.48,4
951,5,2024-12-14,Producto_14,Snacks,95.94,60.19,5
951,5,2024-12-14,Producto_6,Bebidas,25.77,13.96,1
952,263,2024-02-22,Producto_14,Snacks,95.94,44.91,2
952,263,2024-02-22,Producto_7,Tecnología,62.19,33.73,2
953,265,2024-02-13,Producto_12,Snacks,71.32,35.23,1
953,265,2024-02-13,Producto_14,Snacks,95.94,50.72,2
953,265,2024-02-13,Producto_8,Tecnología,23.89,11.06,4
953,265,2024-02-13,Producto_6,Bebidas,25.77,16.9,4
954,16,2024-11-09,Producto_3,Snacks,74.96,51.2,3
954,16,2024-11-09,Producto_10,Limpieza,60.98,33.54,1
954,16,2024-11-09,Producto_15,Hogar,14.71,7.38,3
955,215,2024-06-06,Producto_11,Bebidas,77.09,37.77,5
955,215,2024-06-06,Producto_13,Hogar,31.4,12.78,5
955,215,2024-06-06,Producto_7,Tecnología,62.19,42.08,1
955,215,2024-06-06,Producto_12,Snacks,71.32,49.44,2
956,170,2024-12-01,Producto_7,Tecnología,62.19,32.09,5
956,170,2024-12-01,Producto_4,Tecnología,13.26,5.74,4
956,170,2024-12-01,Producto_15,Hogar,14.71,10.13,5
956,170,2024-12-01,Producto_2,Hogar,28.26,12.09,3
957,54,2024-02-23,Producto_1,Bebidas,7.38,4.03,5
957,54,2024-02-23,Producto_14,Snacks,95.94,44.1,2
958,198,2024-07-04,Producto_4,Tecnología,13.26,5.58,5
958,198,2024-07-04,Producto_15,Hogar,14.71,7.51,1
958,198,2024-07-04,Producto_5,Limpieza,8.02,3.62,1
959,211,2024-11-04,Producto_3,Snacks,74.96,40.74,4
959,211,2024-11-04,Producto_2,Hogar,28.26,14.6,1
959,211,2024-11-04,Producto_15,Hogar,14.71,6.46,2
959,211,2024-11-04,Producto_9,Tecnología,44.85,22.11,2
960,244,2024-03-14,Producto_10,Limpieza,60.98,35.14,3
960,244,2024-03-14,Producto_15,Hogar,14.71,9.05,5
961,235,2024-03-19,Producto_4,Tecnología,13.26,5.56,4
961,235,2024-03-19,Producto_1,Bebidas,7.38,4.29,4
961,235,2024-03-19,Producto_3,Snacks,74.96,41.81,2
962,292,2024-07-12,Producto_8,Tecnología,23.89,11.62,1
962,292,2024-07-12,Producto_15,Hogar,14.71,7.41,4
962,292,2024-07-12,Producto_10,Limpieza,60.98,31.55,3
962,292,2024-07-12,Producto_1,Bebidas,7.38,3.87,2
963,92,2024-02-04,Producto_8,Tecnología,23.89,10.24,5
963,92,2024-02-04,Producto_7,Tecnología,62.19,29.35,1
963,92,2024-02-04,Producto_11,Bebidas,77.09,37.17,2
963,92,2024-02-04,Producto_3,Snacks,74.96,36.55,5
964,35,2024-06-26,Producto_15,Hogar,14.71,10.26,4
964,35,2024-06-26,Producto_8,Tecnología,23.89,10.42,5
965,189,2024-07-23,Producto_13,Hogar,31.4,17.31,1
966,167,2024-01-27,Producto_8,Tecnología,23.89,9.88,5
966,167,2024-01-27,Producto_3,Snacks,74.96,31.63,1
966,167,2024-01-27,Producto_5,Limpieza,8.02,4.13,4
966,167,2024-01-27,Producto_4,Tecnología,13.26,8.71,4
967,204,2024-11-28,Producto_1,Bebidas,7.38,3.21,3
968,70,2024-08-24,Producto_11,Bebidas,77.09,41.51,4
968,70,2024-08-24,Producto_12,Snacks,71.32,40.26,1
968,70,2024-08-24,Producto_8,Tecnología,23.89,14.67,2
969,225,2024-05-06,Producto_8,Tecnología,23.89,15.59,3
969,225,2024-05-06,Producto_14,Snacks,95.94,62.51,2
970,52,2024-04-05,Producto_5,Limpieza,8.02,4.99,5
970,52,2024-04-05,Producto_2,Hogar,28.26,11.96,2
971,6,2024-12-01,Producto_3,Snacks,74.96,34.86,2
971,6,2024-12-01,Producto_8,Tecnología,23.89,15.95,1
971,6,2024-12-01,Producto_6,Bebidas,25.77,11.98,5
972,25,2024-10-04,Producto_7,Tecnología,62.19,33.16,3
973,3,2024-09-14,Producto_13,Hogar,31.4,19.79,4
974,128,2024-09-13,Producto_15,Hogar,14.71,5.95,1
974,128,2024-09-13,Producto_4,Tecnología,13.26,9.24,1
974,128,2024-09-13,Producto_14,Snacks,95.94,61.99,3
975,33,2024-12-20,Producto_15,Hogar,14.71,9.08,2
975,33,2024-12-20,Producto_2,Hogar,28.26,14.83,1
976,56,2024-07-16,Producto_6,Bebidas,25.77,15.14,2
976,56,2024-07-16,Producto_9,Tecnología,44.85,23.26,5
976,56,2024-07-16,Producto_11,Bebidas,77.09,33.63,4
977,110,2024-05-22,Producto_6,Bebidas,25.77,11.65,3
978,206,2024-10-27,Producto_1,Bebidas,7.38,3.44,4
978,206,2024-10-27,Producto_7,Tecnología,62.19,37.0,3
978,206,2024-10-27,Producto_4,Tecnología,13.26,5.48,3
979,112,2024-03-24,Producto_5,Limpieza,8.02,4.92,1
979,112,2024-03-24,Producto_13,Hogar,31.4,14.18,5
979,112,2024-03-24,Producto_10,Limpieza,60.98,35.37,1
979,112,2024-03-24,Producto_8,Tecnología,23.89,14.41,4
980,69,2024-03-31,Producto_3,Snacks,74.96,51.98,3
980,69,2024-03-31,Producto_11,Bebidas,77.09,32.4,4
980,69,2024-03-31,Producto_13,Hogar,31.4,18.29,1
981,300,2024-04-19,Producto_7,Tecnología,62.19,34.27,2
981,300,2024-04-19,Producto_9,Tecnología,44.85,21.07,1
981,300,2024-04-19,Producto_11,Bebidas,77.09,48.39,5
981,300,2024-04-19,Producto_12,Snacks,71.32,35.14,1
982,220,2024-01-29,Producto_10,Limpieza,60.98,26.91,1
982,220,2024-01-29,Producto_2,Hogar,28.26,13.82,4
983,78,2024-10-27,Producto_4,Tecnología,13.26,9.24,5
983,78,2024-10-27,Producto_11,Bebidas,77.09,47.93,4
983,78,2024-10-27,Producto_1,Bebidas,7.38,3.25,3
983,78,2024-10-27,Producto_15,Hogar,14.71,8.72,3
984,21,2024-04-02,Producto_11,Bebidas,77.09,50.42,2
984,21,2024-04-02,Producto_14,Snacks,95.94,48.24,3
984,21,2024-04-02,Producto_5,Limpieza,8.02,4.51,2
984,21,2024-04-02,Producto_1,Bebidas,7.38,4.73,2
985,114,2024-08-21,Producto_9,Tecnología,44.85,18.81,1
985,114,2024-08-21,Producto_6,Bebidas,25.77,10.85,4
985,114,2024-08-21,Producto_3,Snacks,74.96,31.16,2
985,114,2024-08-21,Producto_8,Tecnología,23.89,16.28,2
986,65,2024-07-29,Producto_3,Snacks,74.96,42.33,5
987,105,2024-12-22,Producto_9,Tecnología,44.85,27.69,4
987,105,2024-12-22,Producto_2,Hogar,28.26,12.7,3
988,102,2024-08-13,Producto_7,Tecnología,62.19,29.52,5
988,102,2024-08-13,Producto_3,Snacks,74.96,42.95,3
989,104,2024-06-26,Producto_14,Snacks,95.94,65.75,1
989,104,2024-06-26,Producto_13,Hogar,31.4,16.31,3
989,104,2024-06-26,Producto_8,Tecnología,23.89,12.93,2
990,217,2024-04-28,Producto_13,Hogar,31.4,19.74,1
990,217,2024-04-28,Producto_3,Snacks,74.96,49.19,4
990,217,2024-04-28,Producto_15,Hogar,14.71,8.51,3
990,217,2024-04-28,Producto_8,Tecnología,23.89,13.52,2
991,90,2024-03-04,Producto_7,Tecnología,62.19,30.16,4
991,90,2024-03-04,Producto_8,Tecnología,23.89,13.9,5
991,90,2024-03-04,Producto_5,Limpieza,8.02,4.01,1
992,241,2024-07-18,Producto_3,Snacks,74.96,30.27,1
992,241,2024-07-18,Producto_4,Tecnología,13.26,8.21,5
993,192,2024-09-16,Producto_7,Tecnología,62.19,32.04,3
993,192,2024-09-16,Producto_15,Hogar,14.71,8.71,3
993,192,2024-09-16,Producto_14,Snacks,95.94,40.43,5
993,192,2024-09-16,Producto_12,Snacks,71.32,49.76,1
994,64,2024-05-02,Producto_15,Hogar,14.71,10.11,4
994,64,2024-05-02,Producto_10,Limpieza,60.98,33.71,3
994,64,2024-05-02,Producto_3,Snacks,74.96,44.26,4
994,64,2024-05-02,Producto_4,Tecnología,13.26,8.07,3
995,198,2024-09-28,Producto_12,Snacks,71.32,48.24,1
995,198,2024-09-28,Producto_4,Tecnología,13.26,7.81,3
995,198,2024-09-28,Producto_14,Snacks,95.94,58.45,1
995,198,2024-09-28,Producto_8,Tecnología,23.89,11.43,2
996,234,2024-05-10,Producto_5,Limpieza,8.02,4.6,5
996,234,2024-05-10,Producto_4,Tecnología,13.26,5.35,2
997,48,2024-08-21,Producto_7,Tecnología,62.19,41.85,5
997,48,2024-08-21,Producto_12,Snacks,71.32,32.08,4
997,48,2024-08-21,Producto_10,Limpieza,60.98,29.02,4
997,48,2024-08-21,Producto_2,Hogar,28.26,15.55,3
998,273,2024-07-25,Producto_10,Limpieza,60.98,26.39,1
998,273,2024-07-25,Producto_5,Limpieza,8.02,5.08,5
998,273,2024-07-25,Producto_12,Snacks,71.32,45.95,3
998,273,2024-07-25,Producto_7,Tecnología,62.19,38.85,3
999,204,2024-11-11,Producto_1,Bebidas,7.38,3.17,1
999,204,2024-11-11,Producto_3,Snacks,74.96,41.79,4
999,204,2024-11-11,Producto_8,Tecnología,23.89,14.81,3
1000,88,2024-08-16,Producto_6,Bebidas,25.77,11.84,2
1000,88,2024-08-16,Producto_3,Snacks,74.96,41.29,2
